여자,4304
남자,2373
사람,1397
한남,1155
장애,905
짱깨,879
나라,839
페미,706
우리,699
생각,666
수준,570
얼굴,565
한국,527
결혼,500
정신,470
주제,461
어디,455
하나,451
냄새,446
조선족,426
머리,425
자기,417
중국,406
거지,383
전라도,374
게이,373
때문,348
흑인,344
인간,340
부모,340
문제,335
나이,304
인생,298
엄마,297
돼지,293
정도,278
소리,276
공부,267
김치,264
출신,258
군대,251
여성,248
이상,247
거기,243
누가,237
그게,234
요즘,234
텐데,231
자식,231
능력,228
쓰레기,217
사회,212
가난,211
인정,209
일본,208
홍어,206
차별,203
정신병,202
남성,202
동네,199
싸개,193
친구,193
그거,193
자살,192
수저,188
아줌마,185
세상,184
학교,183
교육,183
노예,182
운전,178
무식,177
노인,168
동남아,168
정상,164
난리,161
이해,158
이유,157
지능,156
건데,154
대학,152
자체,150
여기,148
빨갱이,147
화장,147
장애인,146
바리,146
가슴,145
필요,141
소추,138
다리,138
지방,132
이게,131
정치,130
연예인,129
조센징,129
백인,128
조선,126
도태,125
중국인,125
음식,125
남편,124
시간,123
저능아,122
열등,121
지하철,119
미개,119
회사,119
그건,119
개념,118
몸매,118
게임,118
한국인,117
운동,117
깜둥이,117
찐따,115
관리,114
짜증,113
직업,113
바퀴벌레,113
인종,112
세금,111
난민,111
이슬람,109
진심,107
범죄,107
얘기,106
평생,106
여경,106
가능,105
그것,105
서울,105
아빠,102
시녀,102
짐승,101
애초,101
김여사,100
벌레,100
시골,100
대부분,99
성격,99
경상도,97
범죄자,97
가정,97
지역,96
유전자,96
취급,96
혐오,96
자랑,96
이거,95
기분,95
국가,94
민이,94
계집,93
집안,93
외노,92
인성,91
세계,90
민폐,90
피부,90
도움,88
국민,88
충이,88
여대,87
기사,86
성별,86
나중,86
민족,85
그걸,85
행동,85
어딜,84
건가,84
임신,83
전라,83
방송,82
쌍도,82
배달,82
양심,82
담배,81
존재,81
현실,80
환자,80
정치인,79
외국인,78
의사,78
지체,78
아파트,78
외모,78
미국,78
살인,77
버러지,77
아이돌,76
연애,76
사고,76
조심,76
노가다,76
동양인,76
선생,75
하루,75
아들,75
자리,75
저기,75
세대,74
양아치,74
무시,74
옛날,73
양키,73
문화,73
레즈,73
고아,73
능지,73
방송인,72
따위,72
여친,71
엉덩이,71
시대,71
성형,71
동물,70
공익,70
관심,69
피해,69
건지,69
이기,68
특이,68
목소리,68
걱정,68
저거,68
사랑,67
모양,67
걸로,67
기본,67
외국,67
커피,67
아프리카,66
원숭이,66
쉰내,66
술집,65
댓글,65
문신,65
마음,65
집단,65
디언,65
인권,65
명품,64
병원,64
의식,64
사진,63
거리,63
시작,63
찌질,63
치마,63
남친,63
공장,63
후진국,63
대통령,62
말투,62
고생,62
백마,61
다음,61
동성애자,61
저게,61
뭔가,60
지네,60
잠재,60
기업,60
쓸모,60
경찰,59
할매,59
인도,59
추방,59
공무원,59
북한,59
할배,58
버스,58
임대,58
가족,58
그지,58
정상인,58
유충,58
양남,57
애자,57
생리,57
남충,57
방구석,57
마인드,56
남아,56
불편,56
물건,56
요새,56
생활,55
노력,55
미래,55
에이즈,55
완전,55
길거리,55
과학,54
식충,54
꼰대,54
조신,54
선수,54
누구,54
동성애,54
너희,54
차이,54
면상,53
아무,53
양인,53
이번,53
서양,53
기관,52
노처녀,52
월급,52
노숙,52
혼자,52
가수,52
계집애,52
지구,52
교수,52
환장,52
성범죄,51
부족,51
카페,51
틀니,50
시집,50
개돼지,50
평균,50
본인,50
코로나,49
드라마,49
꼬라지,49
부자,49
발작,49
가치,49
족속,49
오타쿠,49
잘못,48
단체,48
대한민국,48
댕이,48
폭력,48
낙태,48
신경,48
사기,48
민국,47
눈치,47
강제,47
대구,47
무슬림,47
싸구려,47
백수,47
지금,47
축구,47
최고,47
녀랑,46
수술,46
배려,46
베트남,46
타령,46
감사,46
사투리,46
급식,46
사장,46
설거지,45
딴따라,45
결국,45
사상,45
유럽,45
기생충,45
덩어리,45
언제,45
특징,45
상종,45
금지,44
광주,44
아재,44
누나,44
실력,44
요리,44
비교,44
변태,44
코쟁이,44
꽃뱀,43
진동,43
투표,43
주변,43
백신,43
오빠,43
살림,43
취업,43
초딩,43
테러,43
종자,43
상상,43
니거,43
군인,43
중요,43
순간,43
노래,43
내말이,43
거짓말,42
손가락,42
오늘,42
아저씨,42
사실,42
성적,42
포기,42
구역,42
허리,42
느낌,42
매력,41
성욕,41
감정,41
방법,41
전형,41
근본,41
예의,41
지원,41
아이,41
영화,41
아무것,40
성매매,40
청소,40
해결,40
늙은이,40
교회,40
종교,40
지적,40
여혐,39
신고,39
사건,39
인증,39
이득,39
혼혈,39
공짜,39
간호사,39
이름,39
일상,39
바람,39
시장,39
시민,38
발악,38
소름,38
인기,38
영어,38
인천,38
피해자,38
왕따,38
주작,38
사이,37
인터넷,37
통구이,37
치매,37
구걸,37
통수,37
천박,37
상대,37
학생,37
얼마,37
노친,36
대신,36
집안일,36
티비,36
조센,36
소나,36
아버지,36
대화,36
바보,36
바닥,36
데이트,36
성공,36
공감,36
취집,36
총살,36
여초,36
질투,36
화장실,35
장사,35
박멸,35
이혼,35
벼슬,35
남녀,35
다행,35
지방대,35
관상,35
영상,35
프로,35
폐지,35
헛소리,35
파악,35
저건,35
분위기,34
좌파,34
버릇,34
피곤,34
조상,34
유난,34
종족,34
보수,34
코스프레,34
멸치,34
발전,34
논리,33
대접,33
짓거리,33
유학,33
여행,33
간첩,33
대로,33
치료,33
가리,33
아프간,33
발정,32
기대,32
애기,32
감성,32
특유,32
직원,32
제정신,32
무능,32
위험,32
시절,32
식당,32
문과,32
짱꼴라,32
지지,31
전문대,31
할머니,31
시험,31
금수,31
방사능,31
기집애,31
환경,31
배우,31
선동,31
뭔지,31
정부,31
육아,31
수업,31
선택,31
정병,31
문란,31
직장,31
괴물,30
교사,30
고향,30
전쟁,30
일반,30
마리,30
주인,30
개꿀,30
스타,30
탈레반,30
천민,30
천국,30
열등감,30
베트콩,30
검둥이,30
아래,30
라도,30
소방관,30
택시,30
해외,30
평등,30
알바,30
진상,30
고기,29
최악,29
걸까,29
저것,29
뒤통수,29
골반,29
필리핀,29
상태,29
고양이,29
상관,29
어머니,29
망상,29
기자,29
잡종,29
클라스,29
양녀,29
성병,29
책임,29
레기,29
스윗,29
우월,29
조현,29
역할,28
편의점,28
아침,28
발광,28
비위,28
처음,28
동안,28
허세,28
보통,28
기계,28
하늘,28
대머리,28
카레,28
모습,28
졸업,28
광고,28
처리,28
언어,28
애교,28
가지,27
암내,27
새기,27
장난,27
야동,27
동생,27
예술,27
어른,27
상자,27
누굴,27
패스,27
예전,27
신입,27
늙다리,27
격리,27
의미,27
난쟁이,26
동포,26
장녀,26
구분,26
역사,26
재수,26
귀머거리,26
기생,26
자신,26
색기,26
어깨,26
자폐,26
호모,26
예수,26
상품,26
따구,26
녀석,26
노동자,26
근처,26
택배,26
탈모,26
자연,26
바지,26
집구석,25
밑바닥,25
순이,25
고려장,25
종일,25
뭔데,25
취향,25
일본인,25
사회악,25
저번,25
탈출,25
정권,25
큰일,25
유튜브,25
발음,25
대우,25
밥맛,25
소수자,25
성괴,25
바이러스,25
저급,25
학벌,25
육수,25
페미니즘,24
대생,24
정당,24
루저,24
운전자,24
검사,24
열폭,24
놀이,24
꼴통,24
팔자,24
천지,24
보소,24
연금,24
스타일,24
복지,24
마찬가지,24
오크,24
주먹,24
본능,24
출산,24
응우옌,24
서른,24
취직,24
맞음,24
권리,23
운운,23
착각,23
우울증,23
재앙,23
벙어리,23
노동,23
뉴스,23
입장,23
언니,23
히잡,23
태생,23
트랜스젠더,23
막노동,23
테러리스트,23
자존심,23
오토바이,23
도로,23
경제,23
청소부,23
핑계,23
사내,23
이용,23
업소,23
그때,23
촌구석,23
바퀴,23
자들,23
면허,22
휴가,22
그룹,22
행복,22
멍청이,22
성추행,22
할아버지,22
준비,22
표정,22
며느리,22
거품,22
피해망상,22
히스테리,22
전화,22
여군,22
소굴,22
경험,22
재기,22
이것,22
번식,22
시위,22
불만,22
처녀,22
시선,22
그쪽,22
성질,22
이하,22
입맛,22
일반인,22
눈물,22
확률,21
미안,21
이건,21
러시아,21
강남,21
아시아,21
데뷔,21
팬티,21
국제,21
전용,21
절반,21
욕심,21
공산당,21
군바리,21
인형,21
유전,21
튜버,21
시비,21
서양인,21
이성,21
싸이코,21
신분,21
옹호,21
여적,21
도둑,21
니그로,21
이젠,21
부산,21
폭행,20
카스,20
만족,20
망신,20
지원금,20
아내,20
가스,20
서민,20
기술,20
위생,20
취미,20
피부색,20
경우,20
학원,20
섬나라,20
목숨,20
크기,20
이미지,20
차원,20
합리,20
자격지심,20
다이어트,20
당장,20
퇴물,20
장기,20
침대,20
안달,20
아기,20
수록,20
대리,20
클럽,19
진리,19
시전,19
나름,19
자격,19
만큼,19
동거,19
마스크,19
지도,19
재미,19
낭비,19
자궁,19
분리,19
기독교,19
상식,19
지배,19
승리,19
똥물,19
비린내,19
멸종,19
예비,19
칭찬,19
공주,19
신충,19
기어,19
드립,19
자유,19
분수,19
혜택,19
경차,19
창피,19
연기,19
대상,19
올림픽,19
차지,19
당신,19
고용,19
평소,19
요구,19
우리나라,19
기지배,19
대중교통,19
변기,19
여편네,19
시각,19
인척,18
운전대,18
명문,18
간호조무사,18
용서,18
똥통,18
순종,18
이래,18
도시,18
존중,18
평가,18
반대,18
감수,18
마계,18
인구,18
여드름,18
용돈,18
일진,18
우린,18
만화,18
암컷,18
출근,18
주름,18
폭탄,18
자동차,18
적자,18
거부,17
반응,17
생김,17
흥분,17
오피,17
실패,17
행세,17
무지,17
사이언스,17
안락사,17
레깅스,17
폭동,17
노망,17
가게,17
주장,17
위안부,17
최소,17
공간,17
태극기,17
중소기업,17
개저,17
스포츠,17
레즈비언,17
모델,17
비정규직,17
합법,17
손님,17
북괴,17
바다,17
프랑스,17
관계,17
눈알,17
보호,17
불법,17
기억,17
기초,17
신체,17
센터,17
소개팅,17
촌뜨기,17
이걸,17
작가,17
손절,17
이제,17
발달,17
대박,17
퀴어,17
시체,17
비하,17
상황,17
암탉,17
에이,17
소녀,16
머저리,16
번탈,16
소개,16
단어,16
의무,16
사이즈,16
구경,16
진짜,16
가방,16
이야기,16
강사,16
입국,16
성희롱,16
인사,16
아이큐,16
젠더,16
공산주의,16
한국어,16
짝퉁,16
성기,16
근육,16
집값,16
치안,16
사지,16
경기,16
목화밭,16
부심,16
왜구,16
말대꾸,16
이민,16
대수,16
재산,16
노릇,16
확인,16
순수,16
하층민,16
운증,16
후군,16
호르몬,16
여배우,16
자폐아,16
지옥,16
기준,16
대학교,16
오줌,16
남불,16
제사,16
근성,16
표현,16
여름,15
핸드폰,15
발언,15
유일,15
주사,15
운영,15
무죄,15
편견,15
기저귀,15
라면,15
강아지,15
가방끈,15
몸뚱이,15
실업,15
감자,15
쓰레기통,15
조선인,15
연봉,15
유행,15
성인,15
마약,15
성전환,15
체력,15
안경,15
헬스,15
지경,15
브라질,15
급발진,15
핑크,15
동양,15
스트레스,15
이사,15
국회의원,15
불안,15
주부,15
대표,15
학창,15
수급,15
보댕,15
폐기물,15
즈그,15
선물,15
잔소리,15
임금,15
축제,15
장애자,15
팬덤,15
아시아인,15
임산부,15
이빨,15
서비스,15
레전드,15
인류,15
봉사,15
빨래,15
중동,15
피지컬,15
노조,15
귀천,15
불리,15
주인공,14
민주,14
찌질이,14
문제지,14
보험,14
가부장,14
힙합,14
하나님,14
무당,14
선진국,14
아가씨,14
번호,14
피싱,14
신발,14
손톱,14
개발,14
자신감,14
싸움,14
관념,14
라이팅,14
일자리,14
불법체류,14
학력,14
세탁,14
애국,14
운명,14
결정,14
보전,14
이중,14
나부랭이,14
실화,14
말귀,14
의심,14
효도,14
공원,14
부적응,14
후손,14
구조,14
더치페이,14
감옥,14
대다수,14
미필,14
적보,14
추천,14
나잇값,14
백화점,14
부대,14
타투,14
심보,14
명절,14
페미니스트,14
증거,14
덩치,14
허버,14
박쥐,14
점수,14
염전,14
탈북자,14
상승,14
뱃살,14
진화,14
채찍,14
싹수,14
교양,14
금마,14
중국어,14
등급,14
휴직,14
비율,14
깡패,14
아시안,14
꼬우,14
자존,14
유부녀,14
호감,14
패션,14
노비,14
손해,14
파오,14
달동네,14
건강,14
조폭,14
사형,14
입학,13
기회,13
브라,13
똥차,13
빨대,13
최대,13
딱지,13
가시나,13
아랫도리,13
개판,13
감독,13
사용,13
부정,13
개고기,13
악마,13
공대,13
개인,13
특수,13
고자,13
갈등,13
고릴라,13
기름,13
전생,13
키보드,13
주택,13
항문,13
중고,13
된장,13
막말,13
동급,13
중소,13
테크,13
꼬리,13
면제,13
그걸로,13
캐릭터,13
국산,13
수입,13
나머지,13
오징어,13
실수,13
그림,13
이마,13
핏줄,13
우동,13
정책,13
활동,13
월세,13
노땅,13
모가지,13
팀장,13
공평,13
가스실,13
나무,13
세뇌,13
양보,13
몰카,13
원인,13
주차,13
수치,13
재난,13
면접,13
말세,13
튀기,13
대륙,13
학대,13
제주도,13
모순,12
여잔데,12
군무,12
지지자,12
학살,12
모자,12
똥내,12
영계,12
계획,12
아비,12
가랑,12
가성,12
가식,12
검거,12
거울,12
제발,12
무사,12
여권,12
병균,12
보이스,12
강요,12
개도국,12
사원,12
독립,12
국적,12
무기,12
반성,12
대체,12
쥐꼬리,12
생산,12
불가,12
웹툰,12
사과,12
공기,12
정보,12
거긴,12
코르셋,12
할당제,12
몽둥이,12
완벽,12
미국인,12
방해,12
고아원,12
패배자,12
고딩,12
합법화,12
고통,12
덕분,12
충동,12
국내,12
처분,12
부부,12
우유,12
무리,12
조금,12
주일,12
지갑,12
홀아비,12
조작,12
남미,12
청도,12
책임감,12
권력,12
시설,12
원래,12
보단,12
사회생활,12
충격,12
겸상,12
반지하,12
제도,12
성경,12
제품,12
동성,12
탱이,12
휠체어,12
향수,12
오염,12
동남,12
막내,12
저걸,12
장님,12
평화,12
우덜,12
약자,12
애니,12
야구,12
의대,11
미만,11
초반,11
매너,11
마누라,11
외제,11
토악,11
다수,11
박탈,11
대만,11
따리,11
일부,11
곱창,11
공격,11
반찬,11
컴퓨터,11
이틀,11
엄살,11
가축,11
개무,11
나발,11
춘장,11
논란,11
코인,11
빈티,11
전학,11
몸무게,11
계산,11
협박,11
야만인,11
개불,11
죽창,11
사이비,11
모지리,11
매국노,11
의지,11
떡칠,11
집합,11
목욕탕,11
모기,11
인임,11
전체,11
날라리,11
부실,11
미혼모,11
음식물,11
종이,11
비난,11
입양,11
대졸,11
등산,11
노숙자,11
스펙,11
판사,11
과외,11
와중,11
마트,11
선배,11
염색,11
동정,11
상사,11
은퇴,11
전통,11
해당,11
파탄,11
자영업,11
계급,11
코끼리,11
비용,11
미인,11
옆집,11
전부,11
선거,11
기형아,11
하수구,11
조롱,11
아동,11
구실,11
키즈,11
뭣하러,11
브랜드,11
정리,11
고집,11
십자가,11
입술,11
충청도,11
중독,11
노출,11
말씀,11
특임,11
폐렴,11
센스,10
과자,10
민주당,10
확진,10
아지매,10
처벌,10
이후,10
가난뱅이,10
공돌이,10
태도,10
버튼,10
공공,10
형편,10
조무,10
만남,10
조절,10
감염,10
독교,10
야만,10
저질,10
지성,10
멍멍이,10
렌스,10
현명,10
커플,10
음악,10
현장,10
희망,10
후보,10
자전거,10
보네,10
태국,10
등등,10
파티,10
어린애,10
공개,10
증명,10
주민,10
경비원,10
도덕,10
고개,10
고급,10
고등학교,10
쌀국수,10
고백,10
범인,10
채용,10
나사,10
밥통,10
지식,10
시국,10
눈빛,10
기도,10
국밥,10
재능,10
염치,10
프로그램,10
그날,10
오후,10
유통,10
그놈,10
몸뚱아리,10
유사,10
뷔페,10
동의,10
사리,10
민노총,10
불매,10
잉여,10
업무,10
여잔,10
히키코모리,10
모임,10
소원,10
소비,10
토종,10
트위터,10
민주주의,10
길바닥,10
업체,10
목화,10
꼴값,10
생선,10
농담,10
정의,10
휴거,10
소문,10
자위,10
인식,10
남잔데,10
납치,10
자임,10
돌이,10
상장,10
신안,10
농구,10
장식,10
멤버,10
특성,10
중고차,10
자댕,10
원정,10
주의자,10
색히,10
멸망,10
애액,9
꼬치,9
연하,9
흑우,9
도우미,9
부동산,9
예능,9
훈련,9
오바,9
과거,9
젊은이,9
판타지,9
조건,9
압수,9
세월,9
찬양,9
퇴출,9
소수,9
어미,9
포장,9
은혜,9
태반,9
사치,9
가사,9
쥐뿔,9
광대,9
겨드랑,9
성범죄자,9
가오,9
가지가지,9
가짜,9
농사,9
전문직,9
크림,9
오랜만,9
남경,9
미달,9
추녀,9
발상,9
사살,9
흉노,9
개조,9
개차반,9
개한,9
말살,9
엉망,9
연변,9
숟가락,9
탈락,9
중공,9
관장,9
날조,9
모텔,9
초등,9
도망,9
추가,9
소득,9
신세,9
기부,9
거절,9
생명,9
매미,9
일종,9
어린이,9
여장,9
욕구,9
소설,9
절벽,9
적응,9
효과,9
시기,9
고등학생,9
신념,9
골목,9
처형,9
장소,9
서울대,9
공산,9
공인,9
과일,9
과제,9
수능,9
얌전,9
예수쟁이,9
군기,9
군필,9
유치원생,9
시도,9
하타,9
양반,9
돌머리,9
부엌,9
차림,9
후회,9
멘탈,9
덧니,9
개국,9
키작,9
방구,9
치킨,9
이혼녀,9
패럴림픽,9
버르장머리,9
일녀,9
몽골,9
유리,9
미투,9
작정,9
저주,9
트럭,9
서빙,9
마다,9
승무원,9
짜장면,9
질색,9
배때지,9
기여,9
요양원,9
코미디,9
반반,9
일남,9
시진핑,9
체육,9
내조,9
와이프,9
의외,9
역시,9
단백질,9
표절,9
저능,9
대물,9
응원,9
무료,9
파키스탄,9
언론,9
화형,9
하네,9
아스팔트,9
수학,9
집회,9
시충,9
분노,9
우울,9
손발,9
정확,9
양성,9
구석,9
동일,9
개선,9
머리통,9
환상,9
발목,9
놀이터,9
년놈,9
설명,9
전자,9
미세먼지,9
숭이,9
비주얼,9
입사,9
점령,9
쪽발이,9
우한,9
통장,8
제모,8
네일,8
참수,8
리얼,8
정력,8
업적,8
여우,8
진보,8
미혼,8
연상,8
귀족,8
기싸움,8
킬로,8
음주운전,8
의료,8
한계,8
그릇,8
허영심,8
장난감,8
오이,8
간섭,8
자격증,8
자국,8
원조,8
정자,8
강원도,8
채식,8
일용직,8
등골,8
훈수,8
천성,8
회식,8
진국,8
실험,8
제일,8
행주,8
머릿속,8
부분,8
인어공주,8
민도,8
나대,8
보고,8
휴대폰,8
할망구,8
호텔,8
상위,8
나약,8
기능,8
겨울,8
아메리카노,8
불임,8
부담,8
경상,8
폭발,8
마디,8
촌티,8
듯이,8
참견,8
생색,8
공기업,8
유모차,8
캐디,8
도둑놈,8
예체능,8
공장가,8
작품,8
오덕,8
수용소,8
무임승차,8
진작,8
토착,8
집합소,8
징병,8
똥자루,8
훈계,8
유치원,8
자세,8
개역,8
깽깽이,8
자박,8
메이드,8
가해자,8
소리야,8
여유,8
판단,8
소시,8
미개인,8
돌림,8
자녀,8
충임,8
용접,8
호주,8
햄버거,8
신부,8
정박아,8
결과,8
수도,8
식민지,8
숫자,8
생존,8
선조,8
대학생,8
근거,8
애당초,8
특별,8
주위,8
미용사,8
부서,8
연락,8
단순,8
방치,8
지각,8
실망,8
카드,8
허벅지,8
갈통,8
웃음,8
여긴,8
개비,8
채식주의자,8
커뮤니티,8
최소한,8
승진,8
인상,8
아웃,8
미녀,8
수충,8
애니메이션,8
피자,8
체육인,8
스물,8
구속,8
전업주부,8
지진아,8
가망,8
철판,8
방역,8
아나운서,8
주문,8
진료,8
애인,8
쪽발,8
혜지,8
사내놈,8
백정,8
경쟁,8
저쪽,8
담임,8
종북,8
불가촉천민,8
대림동,8
체자,8
독재,8
듣보잡,8
보정,8
라인,8
사냥,8
캐스팅,8
퀄리티,8
개패,8
통일,8
주말,8
전문,8
키오스,8
병동,8
발견,8
다리털,7
무인도,7
플레이,7
후반,7
산업,7
슈퍼,7
총기,7
어딘가,7
장학금,7
메달,7
반박,7
간질,7
부류,7
발가락,7
강도,7
한강,7
레벨,7
민중,7
래퍼,7
최저,7
시급,7
개미,7
개천,7
검정고시,7
눈길,7
유지,7
징역,7
학군,7
프리,7
건물,7
걸스,7
완료,7
용기,7
질병,7
삼성,7
장가,7
고담,7
고소,7
거름,7
비서,7
경력,7
아가리,7
직전,7
투성이,7
변명,7
먼지,7
과장,7
뚝배기,7
안전,7
위협,7
트로트,7
불량품,7
인서,7
소릴,7
사생아,7
합격,7
생일,7
계집년,7
다님,7
토막,7
조합,7
공유,7
식사,7
청각,7
홍보,7
좌표,7
노출증,7
조사,7
촌놈,7
나잇,7
대기,7
마지막,7
신데렐라,7
졸부,7
사무실,7
형제,7
사고방식,7
재주,7
투자,7
출세,7
소용,7
돌연변이,7
자취,7
아프리카인,7
정규직,7
수용,7
미술,7
그동안,7
컨셉,7
구별,7
푸산,7
신장,7
무고,7
현역,7
미스김,7
맞벌이,7
거래,7
천사,7
지랑,7
부탁,7
대남,7
프레임,7
발끝,7
사시,7
금메달,7
색깔,7
기둥,7
중심,7
제외,7
가관,7
화장품,7
오지랖,7
머들,7
통계,7
꼬락서니,7
살인마,7
몽골리안,7
홍인,7
탱크,7
노리개,7
다섯,7
방패,7
남초,7
패시브,7
멧돼지,7
토나,7
뽄새,7
배달부,7
원주민,7
케이,7
주식,7
여시,7
붕어,7
초등학생,7
낙오자,7
노벨상,7
신호,7
허락,7
여왕벌,7
대형,7
풀발,7
카르텔,7
산송장,7
분탕질,7
도서관,7
이혼남,7
배신,7
테스트,7
장발,7
이목구비,7
막장,7
노무,7
불량,7
테러분자,7
화물차,7
워킹,7
찍소리,7
치명,7
상처,7
똥칠,7
촌동,7
발련,7
아네,7
겉멋,7
관련,7
트롤,7
자네,7
분교,6
가전제품,6
허접,6
연령,6
센치,6
반일,6
차단,6
히틀러,6
노인정,6
경리,6
피임,6
밥상,6
푸잉,6
영국,6
감방,6
취소,6
인물,6
젖통,6
난사,6
동당,6
비충,6
생식,6
수출,6
강약,6
보육,6
필라테스,6
떨거지,6
사망,6
개밥,6
지대,6
공사,6
제한,6
이전,6
습성,6
뼛속,6
부르카,6
글래머,6
밥줄,6
차서,6
전기,6
중간,6
노브라,6
삼청,6
젓가락,6
빌라,6
똥오줌,6
인재,6
토익,6
불평불만,6
무덤,6
국격,6
경찰서,6
솔로,6
검머,6
생리대,6
총알,6
짭새,6
순결,6
성비,6
몰입,6
노래방,6
경비,6
의존,6
본성,6
연습,6
가즈,6
햄스터,6
공식,6
공통,6
관광객,6
벌금,6
특혜,6
순식간,6
목사,6
배달원,6
정공,6
위자료,6
언급,6
씨받이,6
대선,6
맞춤법,6
타운,6
자원,6
이해력,6
캠퍼스,6
두뇌,6
집착,6
결핍,6
모두,6
방생,6
서구,6
수명,6
와인,6
최후,6
분탕,6
질환,6
의지박약,6
바둑,6
환영,6
통짜,6
팔다리,6
출입금,6
심리,6
시청,6
사정,6
팔뚝,6
따까리,6
땅개,6
아인,6
수컷,6
기한,6
당해,6
핵폭탄,6
플러스,6
인도네시아,6
인도인,6
내숭,6
칼부림,6
유교,6
머리털,6
통제,6
생명체,6
극단,6
공통점,6
거세,6
판자촌,6
중학교,6
이상자,6
등판,6
마비,6
성관,6
홀수,6
극우,6
심사,6
선족,6
발기,6
이대남,6
저들,6
식물,6
해외여행,6
글씨,6
목걸이,6
용도,6
단속,6
유서,6
귀신,6
껌둥이,6
수발,6
복장,6
상실,6
커버,6
마녀,6
수염,6
분홍색,6
여학생,6
구만,6
보임,6
점심,6
친일파,6
원망,6
사항,6
찬성,6
살덩이,6
투정,6
반말,6
전과자,6
재명,6
생매장,6
밥값,6
무릎,6
의도,6
영악,6
자괴감,6
락스,6
과잉,6
엘사,6
대구리,6
수작,6
딸래미,6
발표,6
모함,6
옷차림,6
땅콩,6
크리스마스,6
변두리,6
비행기,6
심부름,6
고객,6
여동생,6
꾸리,6
휴지,6
기절,6
아치,6
한마디,6
알라,6
뒷담,6
밤일,6
중년,6
생물,6
도구,6
발생,6
전세,6
화류계,6
대출,6
댄서,6
후원,6
제공,6
소속,6
마라,6
디폴트,6
장애아,6
내용,6
엘리베이터,6
떡볶이,6
거려,6
하류층,6
사탄,6
무단,6
횡단,6
니나,6
치즈,6
사업,6
오랑캐,6
의경,6
미성년자,6
퍼센트,6
교환,6
술자리,6
빈민촌,6
필수,6
사이버,6
상담,6
역차별,6
최초,6
푼돈,6
저희,6
우월주의,6
유명,6
애국심,6
소똥,6
운지,6
코딱지,6
한글,6
모유,6
티셔츠,6
재벌,6
자업자득,6
오랑우탄,6
명자,6
콧대,6
폐쇄,6
서방,6
청소년,6
노벨,6
별론데,6
노예근성,6
천안,6
사료,6
빵꾸,5
그분,5
수유,5
학번,5
오해,5
세기,5
상경,5
대전,5
도배,5
마들,5
라떼,5
희롱,5
잠자리,5
대중,5
자동,5
주의,5
부작용,5
구린내,5
부잣집,5
식탐,5
가도,5
거길,5
속도,5
차선,5
위충,5
독학,5
가정교육,5
틱톡,5
간부,5
죽음,5
해코지,5
체험,5
나치,5
강북,5
확대,5
직관,5
개구리,5
개보,5
개신교,5
고령,5
전시,5
사면,5
비리,5
상고,5
외국어,5
나태,5
잠식,5
탑재,5
앞날,5
식모,5
하급,5
인격,5
죄악,5
슬리퍼,5
어린이집,5
안산,5
배구,5
로또,5
거주,5
근황,5
분열,5
파리,5
검댕,5
정작,5
찌지,5
커밍아웃,5
영향,5
게이바,5
개박,5
제거,5
고민,5
앞뒤,5
오충,5
사례,5
고속도,5
교통,5
결함,5
발버둥,5
소주,5
후배,5
대가,5
이쪽,5
골프장,5
극성,5
공사판,5
공순이,5
민원,5
중독자,5
다혈질,5
주입,5
주기,5
채찍질,5
혐한,5
충만,5
부여,5
매장,5
학과,5
이익,5
후자,5
국방,5
소지,5
캠프,5
패딩,5
정돈,5
불로,5
특권,5
느그,5
호박,5
간수,5
티엠,5
맥주,5
건달,5
미용실,5
포인트,5
망정,5
세탁기,5
하셈,5
복종,5
대물림,5
실체,5
미군,5
클라,5
제비,5
공정,5
매춘,5
강물,5
룸살롱,5
컵라면,5
셔틀,5
영감,5
데기,5
전국,5
동기,5
장땡,5
흉악범,5
골수,5
청아,5
접근,5
메이크업,5
하위,5
이과,5
거국,5
운전기사,5
성실,5
육체,5
가장,5
자극,5
살인범,5
볼일,5
이태원,5
접종,5
촌닭,5
비만,5
선비,5
떡대,5
유출,5
존심,5
미덕,5
잡일,5
하등,5
약속,5
기운,5
위반,5
지난번,5
기만,5
트집,5
합의,5
객사,5
악질,5
퍼레이드,5
출입,5
섭리,5
한잔,5
농어촌,5
옐로,5
무엇,5
원시인,5
시력,5
각오,5
엘리트,5
여기저기,5
사생활,5
금발,5
기간제,5
며칠,5
불륜,5
진실,5
왜곡,5
제사상,5
무법자,5
잣대,5
석탄,5
탄핵,5
지하,5
반지,5
공화국,5
먹방,5
집중,5
경계,5
할랄,5
편식,5
중국집,5
미시,5
마마보이,5
보장,5
나랏돈,5
에이스,5
파업,5
독일,5
꼴불견,5
비계,5
수다,5
식구,5
분리수거,5
해라,5
실제,5
변덕,5
눈썹,5
시청자,5
늑대,5
구림,5
서열,5
꼬투리,5
착취,5
한숨,5
헌팅,5
초과,5
위로,5
발동,5
한참,5
스토리,5
충고,5
임원,5
자의식,5
주자,5
끄레기,5
요양,5
나락,5
매매혼,5
한쪽,5
젓가락질,5
교통사고,5
예절,5
비키니,5
쇼핑,5
애플,5
상대방,5
감각,5
천만,5
중학생,5
제로,5
부장,5
구려,5
흰둥이,5
저녁,5
데모,5
뇌물,5
병변,5
지충,5
대마,5
타인,5
자제,5
마흔,5
서기,5
단계,5
골프,5
다문화가정,5
영감탱이,5
반복,5
디자인,5
인육,5
기강,5
성깔,5
교육대,5
마련,5
지름길,5
등장,5
동시,5
몰살,5
기획사,5
필기,5
우위,5
지련,5
소식,5
저학력,5
충도,5
활보,5
자국민,5
척살,5
방식,5
명령,5
편모,5
판정,5
리얼돌,5
조직,5
상책,5
소심,5
머구,5
살해,5
불평,5
회로,5
장점,5
억압,5
예배,5
무지개,5
포르노,5
문재인,5
갈비,5
형량,5
현대판,5
영업,5
깡통,5
인신매매,5
세고,5
바가지,5
안구,5
행위,5
과시,5
대회,5
성능,5
일한,5
연탄,5
샤워,5
개심,5
깍쟁이,5
자산,5
타치,5
표본,5
시행,5
속옷,5
에바,5
뒷바라지,5
케이크,5
둥이,5
양말,5
스킨,5
연예,5
호들갑,5
탄압,5
여고,5
정육점,5
저지능,5
외동,5
분야,5
졸리,5
여신,5
삼류,5
어르신,5
연충,5
여선생,5
입증,5
목표,5
주차장,5
자처,5
정답,5
역대,5
피폭,5
허언,5
화력,5
부석,5
민아,5
펑샨샨,5
편부모,5
운동가,4
백만,4
근무,4
봉지,4
개똥,4
우파,4
매춘부,4
불문,4
우대,4
셧다운,4
공동,4
자가,4
갱년기,4
여교사,4
혁명,4
투기,4
퇴직,4
설정,4
제압,4
난충,4
보도,4
서비스업,4
가랑이,4
아양,4
가운데,4
촬영,4
동료,4
동물원,4
약사,4
검증,4
성충,4
철학,4
성형외과,4
산책,4
버스비,4
등록금,4
뽀뽀,4
계란,4
골치,4
이놈,4
국회,4
장악,4
어그,4
토악질,4
개그맨,4
개그,4
공황,4
대장,4
보신탕,4
개상,4
무법,4
소금,4
소멸,4
할인,4
갱생,4
낙하산,4
배알,4
반쪽,4
관광지,4
응디,4
흐름,4
나랏일,4
노린내,4
바닷가,4
비둘기,4
뻐드렁니,4
기고만장,4
멀대,4
끝판,4
혈압,4
겉보기,4
사과문,4
풀칠,4
목적,4
홍콩,4
거머리,4
분칠,4
기형,4
지근,4
동냥,4
설치,4
혈안,4
주머니,4
건설,4
구나,4
넘네,4
가출,4
미소,4
친절,4
강의,4
채널,4
음지,4
샷건,4
지름,4
선천,4
신상,4
리그,4
유저,4
주특기,4
우유부단,4
개고생,4
고독사,4
고문,4
입대,4
일석이조,4
어림,4
금지법,4
자퇴,4
고라니,4
고시원,4
보호자,4
네임,4
혓바닥,4
기네,4
위원,4
마이너스,4
최종,4
미스,4
용병,4
붕어빵,4
타이틀,4
헌신,4
장충,4
공중,4
참전,4
동질,4
환경미화원,4
자각,4
교복,4
마을,4
잔치,4
비결,4
입결,4
광신도,4
폭력범,4
제삿밥,4
구더기,4
증오,4
선녀,4
상놈,4
회수,4
미필자,4
병사,4
고장,4
경향,4
시어머니,4
배불뚝이,4
디자이너,4
연구실,4
충실,4
스토커,4
쌍욕,4
교제,4
여가,4
개월,4
피디,4
보조,4
공포증,4
통째,4
대학원,4
수십,4
막대기,4
습관,4
속물,4
기세,4
설탕,4
하류인생,4
부인,4
막창,4
효율,4
쌍판,4
출연,4
문맹,4
군데,4
정화,4
의문,4
만인,4
똥값,4
까지,4
남색,4
보육원,4
순위,4
저따위,4
정색,4
궁상,4
체류,4
후진,4
성폭력,4
징용,4
채팅,4
체크,4
독거,4
여사,4
진행,4
러네,4
독박,4
다운,4
증후군,4
땅딸보,4
단지,4
생활비,4
마늘,4
촌사람,4
노령,4
적극,4
권유,4
수영장,4
이바지,4
서울역,4
사니,4
돼지국밥,4
숙청,4
사회학,4
편순,4
정기,4
예외,4
절름발이,4
보상,4
망치,4
양육비,4
개꼴,4
자부심,4
치어리더,4
희생,4
살만,4
작렬,4
선크림,4
키스,4
손바닥,4
자초,4
신물,4
전업,4
신경질,4
독재자,4
박카스,4
별개,4
똥색,4
표준어,4
스토킹,4
하녀,4
이충,4
열광,4
박살,4
근친,4
금천,4
금천구,4
씨름,4
살충제,4
낚시,4
특기,4
부처,4
용어,4
여길,4
앙탈,4
김밥,4
색맹,4
위기,4
대노,4
선글라스,4
훈육,4
초코,4
지리,4
중임,4
껍데기,4
노약,4
자석,4
재력,4
수령,4
박수,4
바늘,4
도끼,4
상도,4
기숙사,4
구제,4
누린내,4
후다,4
성의,4
새터민,4
동등,4
뿌리,4
흑어,4
온라인,4
현지,4
마려,4
요금,4
영웅,4
두기,4
덩이,4
토가,4
자차,4
활용,4
서지,4
표시,4
세력,4
어려,4
아줌만,4
출퇴근,4
난도질,4
학자,4
난징,4
조기,4
인아,4
정서,4
기아,4
헤어,4
고려,4
유혹,4
도전,4
해소,4
볼견,4
주방,4
리도,4
폐경,4
겁니다,4
안함,4
쿠퍼액,4
등치,4
동무,4
어매,4
감수성,4
바깥일,4
낯짝,4
말버릇,4
카톡,4
지인,4
무례,4
피떡,4
기피,4
요정,4
양놈,4
오브,4
꼴찌,4
위상,4
상하차,4
저리,4
단추,4
치과,4
스튜어디스,4
암살,4
퇴근,4
올해,4
일본어,4
차오,4
토론,4
돼지고기,4
감탄,4
저출산,4
혈통,4
계속,4
지혜,4
왕자,4
벽돌,4
체면,4
자진,4
편입,4
질문,4
지상,4
선풍기,4
족보,4
출동,4
두둔,4
메갈이,4
정수기,4
여성미,4
사주,4
전신,4
주책,4
청년,4
외출,4
쉴드,4
소기업,4
복귀,4
성관계,4
새치기,4
세트,4
학점,4
삼촌,4
삽질,4
박사,4
작음,4
삐리,4
약탈,4
살인자,4
투입,4
까페,4
부양,4
변소,4
이민자,4
초기,4
시점,4
자본주의,4
방망,4
쌍수,4
농간,4
어따,4
흡입,4
게거품,4
지우개,4
제격,4
찌개,4
죄지,4
워홀,4
명함,4
최대한,4
가격,4
유산,4
매독,4
양성애자,4
쿠키,4
장단,4
번식력,4
페미나치,4
인분,4
부패,4
레게,4
전환,4
문대,4
명예,4
시댁,4
모태,4
위아래,4
삭제,4
몰랑,4
도입,4
기다,4
학위,4
감당,4
도라,4
꼴뚜기,4
동정표,4
유흥업소,4
스탄,4
예방,4
축하,4
집권,4
증식,4
장교,4
반면,4
날씨,4
발뺌,4
환멸,4
아무데,4
달충,4
황인,4
전남,4
복수,4
변신,4
로리,4
별거,4
계모,4
장례식,4
자금,4
모성애,4
비제이,4
쭈그렁,4
기질,4
분간,4
하차,4
프로젝트,4
여럿,4
기원,4
노동력,4
생리통,4
버터,4
양지,4
자멸,4
세균,4
부지런,4
손주,4
새벽,4
정신병자,4
규제,4
순리,4
고분,4
머신,4
제작진,4
구데기,4
인지,4
배척,4
자릉,4
식이,4
고수,4
모래,4
여주,4
촛불,4
이기주의,4
아메바,4
확정,4
난동,4
현대,4
화석,4
신랑,4
좌석,4
암퇘지,4
애완,4
한판,4
로봇,4
테이블,4
계약직,4
콘돔,4
지폐,4
피비린내,4
정년,4
통과,4
안쪽,4
정모,4
스케일,4
거짓,4
은근,4
위선,4
우상,4
지수,4
익명,4
연휴,4
오덕후,4
오라버니,4
전반,4
아이디어,4
공연,4
충전,4
인중,4
당선,4
유대인,4
사이트,4
연구,4
한정,4
영원,4
아편,4
침몰,4
몸값,4
임산,4
화고,4
전두환,4
전문가,4
수천,4
학문,4
호남,4
자본,4
불구자,4
댄스,3
전교,3
고발,3
반납,3
조공,3
꼬챙이,3
왕국,3
서임,3
정신력,3
위장,3
신규,3
십상,3
무주택,3
송장,3
법안,3
밀집,3
물받이,3
다양,3
인조인간,3
고시,3
리본,3
양산,3
옆구리,3
각성,3
자칭,3
내장,3
민소매,3
자연사,3
아이디,3
호스트,3
김지영,3
노량진,3
가까이,3
싹쓸이,3
반장,3
가랭이,3
구두,3
골프채,3
팝송,3
흰색,3
골격,3
젖소,3
무늬,3
내면,3
가시내,3
대충,3
가양,3
당산,3
탄광,3
악독,3
감기,3
호의,3
초이스,3
화폐,3
누군,3
남성미,3
해석,3
구네,3
상임,3
남한,3
개그우먼,3
브레이커,3
버프,3
철가방,3
여소,3
바텀,3
징집,3
소꿉,3
중단,3
곰팡이,3
신자,3
떡잎,3
인민,3
밥버러지,3
개종,3
서리,3
온몸,3
수영,3
체임,3
오드,3
란트,3
목탁,3
작년,3
혼주,3
알지,3
환생,3
담당,3
월급쟁이,3
조울증,3
종속,3
전파,3
감시,3
문송,3
선충,3
원장,3
유학생,3
장관,3
토박이,3
책가방,3
비지떡,3
자폭,3
보따리,3
절름발,3
검정,3
겁쟁이,3
겉모습,3
옵션,3
자발,3
무대,3
결혼식,3
헛구역,3
궁둥이,3
브이,3
문젠데,3
백댄서,3
사회주의,3
경쟁력,3
결론,3
경기도,3
경북,3
머슴,3
내노,3
수구,3
후예,3
기술자,3
번방,3
경찰관,3
장만,3
여주인공,3
식초,3
스님,3
공고,3
부활,3
가야지,3
언행,3
소년원,3
울음,3
비디오,3
딜러,3
생산직,3
실무,3
곤충,3
페이크,3
골뱅이,3
끼니,3
안하무인,3
당직,3
금충,3
미용,3
공사장,3
사유,3
백충,3
구매,3
혼종,3
사짜,3
관심사,3
유도,3
옷장,3
진압,3
용사,3
처자,3
문둥이,3
중세,3
교생,3
클래식,3
야간,3
가요,3
교주,3
교포,3
추구,3
방언,3
절교,3
훼손,3
남구,3
터전,3
엘베,3
품평,3
포상,3
식충이,3
안녕,3
국방부,3
현주소,3
지뢰,3
유투,3
제대,3
당번,3
소린,3
도박,3
대답,3
눈앞,3
단발,3
디즈니,3
벼락,3
한방,3
이재명,3
언청이,3
기득,3
간조,3
음식점,3
체포,3
폭파,3
벤츠,3
워너비,3
행실,3
중퇴,3
유발,3
린데,3
보루,3
따라지,3
때메,3
병역,3
거적,3
육덕,3
방관,3
장인,3
시계,3
개성,3
비상식,3
욕자,3
공산주의자,3
근원,3
자야,3
스폰서,3
자물쇠,3
야자,3
비례,3
컨텐츠,3
반미,3
중남,3
밉상,3
난이도,3
사달,3
할만,3
자니,3
해체,3
실상,3
대비,3
진단,3
페미나,3
그따위,3
돌변,3
피아노,3
위인,3
말끝,3
항의,3
종업원,3
정시,3
수류탄,3
결여,3
길이,3
호적,3
남이,3
리어카,3
비타민,3
화이트,3
식품,3
유부,3
망가,3
남잔,3
티어,3
브론즈,3
콤플렉스,3
공략,3
연장,3
화상,3
전염,3
실패자,3
기집,3
답지,3
중성화,3
작업,3
북어,3
사단,3
충성,3
기록,3
세지,3
객관화,3
독도,3
변호사,3
해충,3
유치,3
최근,3
멸시,3
광화문,3
판결,3
자손,3
물소,3
보력,3
표출,3
시노,3
빈곤,3
데이터,3
현생,3
양쪽,3
심술,3
분류,3
종교인,3
명분,3
수석,3
가위,3
인민공화국,3
집유,3
꾸지,3
정체,3
안주,3
애시당초,3
노총각,3
물정,3
재갈,3
식품점,3
하의,3
보균자,3
허용,3
워리어,3
양식,3
당원,3
식탁,3
안보,3
재료,3
특진,3
인문,3
성취,3
유지비,3
쌤통,3
패거리,3
간호,3
갈대,3
태극,3
대꾸,3
심취,3
남고,3
헛짓,3
안정,3
부산대,3
상의,3
오픈,3
강력범,3
소신,3
문명인,3
미드,3
구박,3
박복,3
벌기,3
내남,3
촉법소년,3
로망,3
니들,3
체벌,3
제목,3
기부금,3
기성,3
오른쪽,3
놀림,3
복제,3
트리,3
보르,3
까막눈,3
씨앗,3
주공,3
도벽,3
패배,3
여러분,3
투신,3
밤길,3
보직,3
악랄,3
심판,3
해방,3
품관,3
히스패닉,3
안티,3
인강,3
육봉,3
보험료,3
교실,3
통도,3
추월,3
완성,3
장래,3
재혼,3
밥벌이,3
수박,3
기차,3
결손,3
보추,3
험담,3
적폐,3
블루베리,3
거대,3
망조,3
경제력,3
못난이,3
호강,3
탐욕,3
까리,3
야스,3
품종,3
발육,3
낙서,3
소화,3
예정,3
음주,3
쭈쭈,3
지진,3
유입,3
얼척,3
인공,3
손목,3
밥그릇,3
폐기,3
스키니,3
소변,3
오피스텔,3
미모,3
치기,3
입양아,3
안면,3
까스,3
국물,3
숙주,3
플로,3
처녀막,3
대못,3
연쇄,3
개오지,3
성향,3
남조선,3
목청,3
혈세,3
우크라,3
윤리,3
립스틱,3
후임,3
누드,3
예산,3
정복,3
애련,3
오지,3
내부,3
물류,3
살덩어리,3
볼품,3
자품,3
돌덩이,3
체대,3
서울말,3
어제,3
소세지,3
지마,3
아스퍼거,3
추위,3
자린고비,3
여성부,3
보모,3
한인,3
전적,3
악센트,3
의견,3
속눈썹,3
하이힐,3
복싱,3
머리카락,3
리스,3
남짓,3
걸음걸이,3
끈기,3
실버타운,3
선지,3
저승,3
유인원,3
실례,3
알콜,3
콜라,3
창업,3
추억,3
기증,3
경영,3
실행,3
삼겹살,3
호상,3
녹음,3
뇌손상,3
반공,3
행색,3
비판,3
무적,3
아홉,3
누군가,3
웅취,3
아부지,3
감동,3
소각,3
화교,3
지팡,3
안감,3
행사,3
편집,3
자강,3
파출부,3
베네수엘라,3
잔인,3
바느질,3
문어,3
유해,3
로맨스,3
업보,3
사명감,3
종아리,3
양육,3
다방,3
당시,3
자나,3
촌것,3
창고,3
외부,3
충성심,3
이참,3
못질,3
덜렁이,3
도끼자국,3
바이브,3
도축,3
스킬,3
조국,3
폐충,3
흉내,3
동감,3
미화,3
아녀,3
비자,3
동아시아,3
가서도,3
동정심,3
동호회,3
원비,3
함마,3
논문,3
뚱뚱이,3
박근혜,3
커트,3
합의금,3
품질,3
열사,3
연대,3
하락,3
실업자,3
모범,3
봉투,3
회복,3
황제,3
우월감,3
성장,3
귀척,3
눈살,3
엄지,3
고사,3
코딩,3
고유,3
신의,3
무게,3
주류,3
덮밥,3
로스쿨,3
공구,3
컴백,3
만두,3
만물,3
콩밥,3
셀프,3
커리어,3
근로,3
스스로,3
참깨,3
트렌드,3
박탈감,3
수건,3
악덕,3
박아,3
문장,3
빡빡이,3
별종,3
결과지,3
소란,3
명작,3
친정,3
명심,3
래미,3
길드,3
피어싱,3
따개,3
사탕수수,3
공항,3
최선,3
미니스커트,3
방울,3
비밀,3
실종,3
편안,3
언론인,3
방촌,3
대혁명,3
물통,3
캔두,3
노화,3
뭘로,3
총각,3
미각,3
미관,3
장면,3
깽판,3
쾌락,3
미접,3
미팅,3
성지,3
메뉴,3
몰상식,3
퇴치,3
눈요깃감,3
자긴,3
대세,3
배꼽,3
파랑,3
수놈,3
뚱뚱,3
노안,3
행동거지,3
인양,3
자결,3
별명,3
직종,3
지정,3
저걸로,3
부평,3
검색,3
건방,3
따윈,3
잭스,3
젖비린내,3
계열,3
비참,3
월북,3
아사,3
지령,3
기관총,3
대국,3
뒷돈,3
사무직,3
블록,3
전원,3
전도,3
개체,3
산부인과,3
압도,3
중산,3
빈대,3
승부,3
통구,3
이주,3
미라,3
마렵,3
신종,3
유전병,3
정당방위,3
성립,3
인조,3
한자,3
야생,3
어필,3
참지,3
둘째,3
분발,3
조교,3
개떼,3
숙제,3
영부인,3
해고,3
해변가,3
중립,3
혼수,3
실질,3
조장,3
쓰레기장,3
씨뿌리,3
멍석말이,3
겨드랑이,3
각종,3
울면,3
황인종,3
정점,3
모자이크,3
치토스,3
셀카,3
추석,3
파스타,3
글자,3
전학생,3
콜걸,3
콩고,3
숭배,3
스캔,3
하악,3
이따위,3
마무리,3
더위,3
도임,3
아다,3
배우자,3
뇌세포,3
하느님,3
선행,3
안내견,3
목줄,3
주범,3
토인,3
쏠림,3
까탈,3
아이스크림,3
앞머리,3
소유,3
퇴화,3
적반하장,3
존경,3
호화,3
방향,3
옥수수,3
어우,3
머니,3
조별,3
첫째,3
관중,3
나인데,3
범벅,3
득세,3
먹이,3
실드,3
수백,3
성형수술,3
불행,3
개죽음,3
가상,3
어휘력,3
억지,3
배면,3
궁리,3
당첨,3
파벌,3
사병,3
국민성,3
공약,3
오토,3
여왕,3
소대장,3
부리,3
정설,3
차림새,3
근육질,3
급여,3
각인,3
안일,3
태세,3
여중,3
찌꺼기,3
라디,3
역전,3
문제아,3
실천,3
방송국,3
노양,3
인어,3
해악,3
기갈,3
왕정,3
속국,3
침략,3
외고,3
토론회,3
발바닥,3
정조,3
전교조,3
프랑스인,3
일개,3
우물,3
공영,3
우주,3
벌라,3
일당,3
원폭,3
간판,3
굴곡,3
응급실,3
장국,3
난다,3
이기심,3
넙치,3
이입,3
지린내,3
히어로,3
인문학,3
케밥,3
체격,3
여론,3
에코,3
오나,3
암세포,3
저긴,3
소각장,3
저소득층,3
전방,3
탈영,3
본질,3
천안문,3
쥐똥,3
원전,3
예상,3
어죽,3
침팬지,3
한도,3
집중력,3
코로,3
피부과,3
하다,3
하프,3
흡연자,3
희대,3
단위,2
인류애,2
단죄,2
풍선,2
혜자,2
똥고집,2
중성,2
스가,2
하러,2
개인주의,2
무주택자,2
물타기,2
응징,2
접속,2
원천,2
노년,2
폐차,2
광주면,2
망침,2
빈민,2
조종,2
크롭,2
유아,2
학년,2
절도,2
공중도덕,2
유부남,2
말띠,2
뒷짐,2
재고,2
장부,2
사누,2
명줄,2
단점,2
편법,2
초대,2
순서,2
가속,2
꼭지,2
빈약,2
가양동,2
썩다리,2
가을,2
팔로우,2
이외,2
종합,2
각막,2
간부급,2
당제,2
음모론,2
시당,2
부임,2
남학생,2
당황,2
패스트푸드,2
미남,2
긍정,2
이웃,2
몰표,2
버러,2
허구,2
생머리,2
유머,2
개백정,2
정글,2
수련,2
한동안,2
저소득,2
루팡,2
명의,2
깜냥,2
갤럭시,2
아이폰,2
맛집,2
샌드백,2
후쿠시마,2
또래,2
야채,2
엠티,2
원양어,2
고모,2
특정,2
편지,2
난장이,2
초장,2
부품,2
리임,2
내일,2
능지처참,2
대문,2
창문,2
노팬티,2
장구,2
갈고,2
흡수,2
저세상,2
서식,2
영혼,2
천지인,2
분자,2
무인,2
피소,2
망혼,2
대대,2
헌옷수거함,2
디질,2
걱정하지마,2
무명,2
인줄,2
검두,2
직함,2
수사,2
전유물,2
암캐,2
친환경,2
파괴,2
찜질방,2
구함,2
저하,2
타격,2
창궐,2
형아,2
동네방네,2
트랜스,2
베스트셀러,2
성체,2
하지,2
만나,2
소통,2
퇴사,2
아이스,2
견상,2
대환,2
콜라보,2
도련,2
발암,2
사업가,2
파토,2
수단,2
경계선,2
태평,2
무뚝뚝,2
한당,2
괴팍,2
특은,2
장려,2
빨간색,2
개열,2
계단,2
계약,2
삭발,2
고것,2
연애질,2
고래,2
고름,2
고속,2
휴게소,2
고양,2
목욕,2
발정기,2
호봉,2
편애,2
조언,2
고추,2
대치동,2
골드,2
창자,2
사키나,2
흰머리,2
문해력,2
개혁,2
베짱이,2
공무,2
원행,2
용접공,2
호대,2
수료,2
핫바지,2
순삭,2
린지,2
공용,2
뒷자리,2
제보자,2
훈련소,2
지상파,2
방탕,2
과금,2
과메기,2
추종,2
무턱,2
현질,2
광대뼈,2
유공자,2
최상위,2
공권력,2
인자,2
공단,2
졸업장,2
랜드,2
괴상,2
명예직,2
원서,2
스카,2
할렘,2
교장,2
접촉,2
불상,2
불경,2
구로,2
구로구,2
가리봉,2
의족,2
음료수,2
디시,2
소야,2
한류,2
생떼,2
가정폭력,2
한복,2
똘마니,2
지천,2
캠핑,2
군의관,2
벌초,2
새내기,2
미자,2
강인,2
자판기,2
귀농,2
분조,2
권한,2
암울,2
실버,2
부칸,2
계층,2
충혈,2
목돈,2
발명,2
신아,2
용량,2
공안,2
속셈,2
매매,2
문재,2
천만다행,2
장수,2
서요,2
여부,2
트라우마,2
가입,2
인프라,2
내성,2
국외,2
치약,2
취업률,2
고증,2
인차,2
믿음,2
현상,2
증석,2
개호,2
빈민가,2
방울뱀,2
뛰어라,2
구토,2
옛말,2
화지,2
강화,2
감퇴,2
서식지,2
혼란,2
무언가,2
거북이,2
상납,2
옥상,2
입수,2
블랙,2
이랑,2
사친,2
수평아리,2
감별,2
신원,2
배역,2
연예계,2
현재,2
미성숙,2
청소기,2
엑셀,2
함경북도,2
그녀,2
멀티,2
직시,2
현자,2
유능,2
처신,2
식기,2
자료,2
철수,2
빙의,2
피눈물,2
거인,2
조명,2
보험금,2
도리,2
선처,2
민머리,2
개야,2
집시,2
어부,2
사스,2
원탑,2
고정,2
다홍,2
지자체,2
형수,2
빈민층,2
추야,2
하이엔드,2
불친절,2
농촌,2
식인,2
불고기,2
의원,2
여당,2
미제,2
전과,2
펜스,2
적용,2
가래,2
어린놈,2
성대,2
위드,2
건너,2
마이,2
지야,2
성분,2
인부,2
탈퇴,2
서류,2
앉은뱅이,2
해골,2
땅덩어리,2
최하위,2
보집,2
한탕,2
원수,2
천장,2
행정,2
복판,2
기생오라비,2
백치미,2
자막,2
홍일점,2
절제,2
통대,2
탕수육,2
지기,2
자아,2
교통수단,2
위치,2
피부병,2
굴욕,2
호날두,2
물리치료,2
전단지,2
제정,2
명치,2
사임,2
노약자,2
매가,2
케이스,2
질식사,2
처사,2
피플,2
지급,2
강조,2
분해,2
멸공,2
소비자,2
조각,2
유목민,2
발아,2
넥타이,2
잡지,2
총알받이,2
활개,2
유산균,2
용소,2
실형,2
일부다처제,2
오른손,2
일정,2
버니,2
홍준표,2
해산물,2
화장술,2
답니다,2
동서,2
회관,2
미대,2
사생,2
지면,2
캐스터,2
왼손잡이,2
왼쪽,2
매사,2
승급,2
빼빼,2
고위,2
영양실조,2
개진,2
이치,2
청국장,2
노틀,2
흘림,2
라카,2
정반대,2
금상첨화,2
어려움,2
물가,2
아랍,2
흑화,2
클래스,2
멀미,2
철면피,2
기념일,2
맥락,2
알맹이,2
콜링,2
기프,2
수급비,2
긴급,2
앞줄,2
포니테일,2
시야,2
지국,2
나물,2
나무젓가락,2
병기,2
차키,2
지독,2
허영,2
치료제,2
족족,2
김치련,2
건수,2
모름,2
외딴섬,2
땡볕,2
까만색,2
지성인,2
기가,2
개량,2
건전지,2
온도,2
친목,2
북쪽,2
코피노,2
화풀이,2
실내,2
배임,2
의료인,2
신녀,2
꾀병,2
꿀벌,2
지려,2
앞차,2
어중간,2
전북,2
군산,2
쪽지,2
이색,2
서유럽,2
단골,2
냉장고,2
킥복싱,2
수리,2
똥배,2
제육볶음,2
결사,2
목격,2
존댓말,2
화가,2
유색인,2
전공,2
질림,2
화통,2
렐라,2
사양,2
종로,2
흰자,2
껍질,2
고마움,2
나르시시스트,2
줄기,2
반사,2
여잘,2
돈줄,2
혼쭐,2
내야,2
지식인,2
나이트,2
날개,2
민수,2
대낮,2
장모님,2
어딘지,2
면학,2
조창,2
복학생,2
용납,2
번역기,2
동갑,2
소형차,2
사타구니,2
수세미,2
밀리터리,2
열강,2
빈유,2
존슨,2
막무가내,2
소보,2
난독증,2
말자,2
대학살,2
신뢰,2
청산,2
반역,2
모병제,2
허가,2
무고죄,2
축알,2
단물,2
반항,2
글씨체,2
귀걸이,2
시즌,2
각이,2
곤란,2
부엌일,2
집행유예,2
요가,2
핸드,2
언행일치,2
영양,2
섭취,2
최곤데,2
가락,2
하인,2
쓰리,2
살점,2
부주의,2
차면,2
지시,2
욕망,2
남주,2
흑발,2
직위,2
박약,2
에티켓,2
동상,2
어중,2
중이,2
일지,2
애자련,2
아들내미,2
앞자리,2
죄자,2
고용주,2
교무실,2
접시,2
만약,2
흑마,2
몽키,2
담당자,2
일기,2
유명세,2
치욕,2
주유,2
미역국,2
오지마,2
조끼,2
냉동,2
몸싸움,2
뚱띠,2
이장,2
영광,2
꽃밭,2
꼽추,2
결벽증,2
참고,2
골대,2
제출,2
맹인,2
정수리,2
과학고,2
꼬깔콘,2
마마,2
천재,2
탁구,2
배랑,2
동맹,2
피죽,2
사치품,2
아무거,2
별것,2
딱까리,2
덕목,2
줄넘기,2
케스,2
트라,2
레몬,2
이드,2
요망,2
야지,2
범람,2
살색,2
주가,2
모친,2
마자,2
농아,2
거식증,2
일식,2
장례식장,2
부메랑,2
시아버지,2
내게,2
배송,2
창촌,2
팔러,2
아트,2
사창가,2
자기소개,2
대녀,2
역도,2
축소,2
화목,2
수상자,2
즉결,2
에프,2
햇빛,2
논점,2
오전,2
탐정,2
노콘,2
노후,2
방충,2
찬밥,2
소모,2
농부,2
간병인,2
어자,2
김칫국,2
뿔테,2
눈웃음,2
눈코,2
신용,2
불량자,2
동심,2
한탄,2
늘그막,2
액션,2
관절,2
박제,2
이해도,2
보살,2
손버릇,2
산거,2
지렁이,2
제작,2
방음,2
낙후,2
문학,2
하키,2
꼼수,2
멍키,2
거들,2
패티,2
흉터,2
무한,2
허공,2
도축장,2
행이,2
약소국,2
하오,2
닉네임,2
시멘트,2
즐거움,2
쩔뚝이,2
악기,2
경관,2
비극,2
문환가,2
다지증,2
다크,2
단기,2
달성,2
달창,2
달팽이,2
붕괴,2
당근,2
당뇨,2
실어증,2
입주민,2
이성애,2
지하철역,2
진학률,2
교정,2
중견,2
신앙,2
죄명,2
부위,2
망나니,2
수치심,2
특화,2
주지,2
대책,2
금리,2
파스,2
판국,2
대통,2
올드,2
격식,2
역적,2
로펌,2
버섯,2
던킨,2
도둑고양이,2
여지,2
판임,2
도쟁이,2
이마빡,2
콤마,2
독신,2
수순,2
무분별,2
대나,2
군림,2
빈대떡,2
벅스,2
홍대,2
왼손,2
내지,2
스머프,2
매서,2
산대,2
스쿠터,2
트레이너,2
진출,2
장애지,2
법제,2
소아,2
강국,2
물리,2
후천,2
명복,2
질서,2
동유럽,2
파주,2
렌트,2
된장국,2
두개골,2
인대,2
듀오,2
물불,2
뒤태,2
나미,2
패싸움,2
새리,2
디엠,2
주연,2
정석,2
하교,2
진데,2
보배,2
딱딱이,2
그로,2
휴먼,2
시아,2
지니,2
금융,2
동반,2
즉사,2
표창장,2
해병대,2
레이싱,2
탈주,2
고삐,2
술병,2
중앙아시아,2
송한,2
구원,2
일개미,2
베이글,2
하자,2
폭식,2
랩퍼,2
충과,2
몇몇,2
외계인,2
뒤끝,2
라이더,2
정착,2
강탈,2
레드,2
대변,2
포트,2
라돈,2
리더,2
찬물,2
씀씀이,2
본토,2
이콜,2
고문관,2
마카롱,2
줏대,2
군침,2
그네,2
살림살이,2
인연,2
업계,2
분열증,2
거릴,2
산더미,2
작자,2
값어치,2
짬뽕,2
독특,2
정성,2
보조금,2
학벌주의,2
탄력,2
치들,2
의자,2
애정,2
물살,2
사기극,2
담장,2
지망,2
때밀이,2
매체,2
개싸움,2
염불,2
인스턴트,2
리가,2
게이지,2
감흥,2
센주,2
기승,2
세입자,2
부사수,2
밀가루,2
산다,2
폐교,2
자진모리,2
면전,2
다구,2
폄하,2
휴일,2
치장,2
떼돈,2
게이머,2
폭주족,2
유대,2
큰이,2
모년,2
유면,2
운전사,2
형국,2
뒤치다꺼리,2
도도,2
겸손,2
상판,2
회초리,2
곰보,2
합성,2
무좀,2
답글,2
수캐,2
영역,2
핸들,2
정장,2
개색,2
무직,2
쏘가리,2
답인,2
문둥병,2
사철,2
인두,2
클러치,2
결심,2
골비,2
헌신짝,2
문죄,2
죄인,2
연재,2
물욕,2
팔짱,2
바비,2
득시,2
휴식,2
고니,2
병실,2
잡소리,2
알레르기,2
분유,2
싯발,2
사노,2
미개국,2
근대,2
양치,2
징병제,2
입시,2
불효자,2
미식축구,2
생화학,2
가보,2
미화원,2
체제,2
충청,2
박죽,2
회충,2
밤꽃,2
증발,2
치지,2
동참,2
쇼걸,2
용산,2
단무지,2
신가,2
뚱보,2
쪼가리,2
자판,2
방송사,2
신호위,2
배추,2
백방,2
고고,2
체온계,2
백의,2
모국어,2
해킹,2
기획,2
전구,2
진절머리,2
버팔로,2
번데기,2
난민촌,2
벌이,2
하노,2
변성기,2
사무라이,2
보경,2
환불,2
보나,2
번역,2
캡쳐,2
보수당,2
전용석,2
정직,2
전철,2
화법,2
본판,2
바구니,2
지새,2
떡밥,2
부전자전,2
체중,2
지하상가,2
북조선,2
도살,2
가라,2
회장,2
분당,2
연결,2
판교,2
분풀이,2
교도소,2
소스,2
재연,2
청와대,2
니즘,2
브라자,2
브래지어,2
브레이크,2
컬러,2
비강,2
평민,2
비유,2
이모,2
빈촌,2
앞길,2
파트너,2
아오지,2
자립,2
빵셔틀,2
빵집,2
제안,2
가루,2
거북목,2
파렴치,2
사나이,2
간호학,2
대장부,2
사위,2
사립,2
주체사상,2
점자,2
형태,2
그림자,2
사이코패스,2
반려,2
야쿠자,2
품위,2
통나무,2
공해,2
밥솥,2
살집,2
꿀밤,2
자위질,2
상주,2
깜빡이,2
새아가,2
선망,2
직결,2
공구리,2
슬럼,2
동고,2
절정,2
서무,2
여우상,2
사다리,2
종사,2
초가집,2
개지,2
어묵,2
호떡,2
선교,2
필승,2
거론,2
전담,2
전력,2
예술가,2
유체,2
이탈,2
맨손,2
투쟁,2
법조,2
응급,2
오케이,2
손녀,2
손맛,2
손자,2
인디언,2
존엄,2
두더지,2
에러,2
이슬람교도,2
접대부,2
패션쇼,2
병아,2
재발,2
수십억,2
턱주가리,2
품목,2
순발력,2
막둥이,2
언감생심,2
마법,2
붕알,2
스모,2
일곱,2
색욕,2
시누,2
착오,2
어머님,2
커먼스,2
시터,2
조선말,2
유니폼,2
신인,2
불구덩이,2
실시간,2
심성,2
심신,2
설마,2
운전수,2
낙하,2
하이파이브,2
쌍꺼풀,2
도년,2
선진,2
본분,2
동요,2
정신줄,2
탈라,2
옐로우,2
핵폐기물,2
이권,2
콘텐츠,2
사라,2
북방,2
일머리,2
숙명,2
멸족,2
면역,2
형성,2
개수,2
지송,2
상도덕,2
매국,2
열도,2
선민사상,2
특급,2
아가,2
과반수,2
조카,2
라스,2
구성,2
공격수,2
화재,2
국립대,2
식인종,2
숙소,2
극장,2
지이,2
불능,2
소행,2
순풍,2
입구,2
쇼파,2
곰팡,2
아마존,2
통쾌,2
테레비,2
종년,2
수갑,2
딸년,2
허약,2
별로,2
워라,2
지팡이,2
참담,2
패기,2
승객,2
수집,2
장난질,2
일보,2
출근길,2
대행,2
거미,2
아프가니스탄,2
암놈,2
빈국,2
기기,2
진흙,2
악바리,2
안경잡이,2
안방,2
블라인드,2
안성,2
타이어,2
이별,2
빤쓰,2
여서,2
머리채,2
선상,2
유무,2
이노,2
인심,2
상가,2
앞집,2
칼질,2
인방,2
유아기,2
넘버원,2
이명,2
객기,2
애송이,2
케어,2
태아,2
재테크,2
빈년,2
축구공,2
앵벌이,2
하마,2
닭발,2
보복,2
필리피,2
추태,2
스키,2
빗자루,2
앤데,2
열심,2
견적,2
스타킹,2
리스트,2
사배,2
제조,2
마초,2
전락,2
화합,2
무뇌증,2
신혼집,2
장남,2
세뱃돈,2
간주,2
손흥민,2
악인,2
대상자,2
쾌감,2
약대,2
얌체,2
엘프,2
양코배기,2
도핑,2
로보트,2
존재감,2
가임,2
빈곤층,2
절뚝이,2
가로등,2
하청,2
불구,2
헌계집,2
산소,2
진급,2
샤넬,2
어메이징,2
하이,2
증거인,2
맥도날드,2
수행,2
파리목,2
배출,2
태남,2
시다,2
장군,2
드릅,2
참가,2
요직,2
산재,2
억양,2
엔딩,2
도마,2
구독자,2
텔레비전,2
불변,2
산적,2
강등,2
엉망진창,2
기쁨조,2
탈조,2
고도,2
쓸개,2
에로,2
에미,2
애비,2
부업,2
빠빠,2
겁탈,2
결혼정보회사,2
신성,2
선언,2
장비,2
오물,2
뒷담화,2
별꼴,2
욕정,2
단합,2
지원자,2
학계,2
잔말,2
바라,2
축복,2
아침밥,2
수수,2
여섯,2
자랑거리,2
공주병,2
복부,2
과정,2
치맛바람,2
행군,2
중반,2
주행,2
체구,2
기혼,2
임대인,2
보톡스,2
종목,2
크러쉬,2
상투,2
기겁,2
순응,2
도중,2
몸가짐,2
사탕,2
명불허전,2
미세,2
세계인,2
아웃풋,2
생체,2
충남,2
새우깡,2
한반도,2
역주행,2
가소,2
암수,2
살날,2
검열,2
이눔,2
윗사람,2
민충,2
몰염치,2
김양,2
거지꼴,2
평화상,2
서커스단,2
참석,2
모드,2
오일,2
헬멧,2
나가요,2
자아도취,2
온실,2
화초,2
성씨,2
폭도,2
이념,2
이생,2
자매,2
회피,2
반데,2
동족상잔,2
물물,2
폭로,2
불쏘시개,2
주둔,2
족쇄,2
청정,2
필러,2
철저,2
민스,2
보르노,2
요약,2
스카웃,2
독해력,2
오디션,2
가정부,2
원어민,2
시스템,2
비아,2
역량,2
파이팅,2
일치,2
우익,2
최강,2
운동부,2
웅담,2
모체,2
문체,2
필력,2
박해,2
육식,2
간신배,2
대면,2
사발,2
수괴,2
월드컵,2
업그레이드,2
우수,2
버들,2
관음,2
음습,2
대본,2
표지,2
회개,2
쥐약,2
터키,2
코디,2
만주,2
의지력,2
눈꼽,2
아오,2
사태,2
일상생활,2
대촌,2
이걸로,2
전직,2
쿨톤,2
화학,2
알바라,2
탄생,2
볼펜,2
이중국,2
이북,2
극단주의,2
확산,2
증가,2
중화사상,2
타코,2
물고문,2
신박,2
카지노,2
배신자,2
개작,2
이주민,2
이집트,2
전멸,2
문명,2
골칫덩어리,2
재판,2
조리,2
스쿨링,2
술맛,2
바위,2
형광,2
영화배우,2
치열,2
우선,2
일제,2
아이라인,2
카메라,2
유세,2
플란트,2
정식,2
신음,2
고임,2
근자,2
감금,2
좌우,2
마당,2
작업복,2
이자,2
장문,2
세팅,2
소화기,2
우나,2
배짱,2
공놀이,2
재소자,2
모니터,2
망상증,2
증이,2
본교,2
태풍,2
주급,2
전역,2
신문지,2
남배우,2
콩고물,2
촉감,2
황소,2
초보,2
최루탄,2
퍼지,2
학습,2
병명,2
옌볜,2
이어폰,2
사절,2
저놈,2
퇴보,2
뭘까,2
신병,2
백성,2
측정,2
여탕,2
현금,2
국정원,2
수장,2
도장,2
패들,2
주도,2
만세,2
전범,2
교류,2
의상,2
정규,2
중등교육,2
정절,2
외주,2
여라,2
포크,2
수법,2
기해,2
보토,2
피아,2
신랑감,2
주먹질,2
펀치,2
주유소,2
둔갑,2
폐암,2
성인군자,2
숨소리,2
관광,2
명연,2
호기심,2
밥상머리,2
뱃속,2
라이프,2
지내,2
학칙,2
텃세,2
불신,2
선민의식,2
삿대,2
리벤지,2
설계,2
전월세,2
집집,2
각선미,2
기타,2
난방,2
생전,2
원흉,2
프레스,2
이름값,2
쪽방,2
이동산,2
이면,2
카푸어,2
국경일,2
핑이,2
외상,2
출산율,2
친애,2
자르,2
콩가루,2
카불,2
캄보디아,2
나국,2
타자,2
태권도,2
침입,2
토마토,2
다세대,2
배드민턴,2
국어,2
참여,2
질투심,2
돌파,2
평수,2
평양냉면,2
포퓰리즘,2
꾸역,2
피클,2
아우슈비츠,2
기미,2
좌익,2
서서,2
자년,2
베스트,2
둘레,2
체지방,2
종잇장,2
한의사,2
소감,2
허파,2
우가,2
협동,2
단결,2
회의,2
이기주,2
투포환,1
프린트,1
숟갈,1
내신,1
톡소,1
라즈,1
송송이,1
강남역,1
유가족,1
히키,1
롯데,1
리아,1
이순신,1
거나,1
나잇살,1
무얼,1
탑승,1
사칙,1
연산,1
점프,1
군번,1
할마시,1
골퍼,1
지속,1
꽃띠,1
물질주의,1
상당,1
몽둥이질,1
정범,1
유태,1
연령층,1
알제,1
생기,1
호스티스,1
명단,1
피크,1
은제,1
시름,1
의기소침,1
고친,1
야메,1
대인,1
사고력,1
윤대,1
포주,1
오질,1
젓갈,1
기지국,1
육구,1
스마트폰,1
말주변,1
다도,1
도용,1
여대생,1
억만금,1
횡포,1
회계,1
탄내,1
변종,1
통찰력,1
적개심,1
급진,1
긴가,1
흥부,1
존부,1
가마솥,1
스킨십,1
오실,1
페인트,1
위스키,1
공학,1
측면,1
불가지,1
비어,1
감옥행,1
이해심,1
일자,1
끝자락,1
야스오,1
동거인,1
영통,1
분뇨,1
고위직,1
간사,1
픽처,1
쫄따구,1
신조,1
전술,1
발라드,1
군밥,1
고대,1
흥미,1
미백,1
수위,1
풀살롱,1
강남미,1
강남터미널,1
강추위,1
강판,1
퇴짜,1
사각,1
진저리,1
최상,1
포식자,1
알리,1
세쌍둥이,1
헐랭,1
공갈,1
딴건,1
짬밥,1
손길,1
개고,1
우렁,1
교산,1
바리스타,1
대학가,1
엑스포,1
판매원,1
개머리판,1
안들,1
집사,1
쪼다,1
호자,1
서로서로,1
먼저,1
코란,1
슬림,1
안부,1
매질,1
교임,1
개초,1
갤러리,1
애국자,1
강냉이,1
인맥,1
참정권,1
머스,1
인터뷰,1
이심,1
창작물,1
혼외자,1
최우선,1
어촌,1
여성주의,1
하루살이,1
임상,1
추후,1
더치,1
명예살인,1
식염수,1
북치,1
첨삭,1
덩어린,1
착즙기,1
라라,1
모독,1
장어,1
하천,1
복도,1
구속감,1
영입,1
지옥도,1
국제공항,1
마이라,1
거동,1
탐폰,1
육두문자,1
영향력,1
아우성,1
샌드,1
시늉,1
들러리,1
콩팥,1
안성탕면,1
란가,1
지촌,1
증거물,1
철근,1
건너편,1
앨범,1
시한부,1
베이가,1
걸음마,1
핑두,1
색이,1
장의사,1
언더테이커,1
난민수용소,1
검은색,1
자가용,1
자웅,1
동체,1
면허증,1
품고,1
호환,1
남잘,1
게시판,1
곤장,1
국방력,1
게이든,1
아웃팅,1
괄약근,1
시간대,1
홈페이지,1
코흘리개,1
애칭,1
여한,1
결단력,1
영리,1
합가,1
허비,1
돈데,1
경남,1
남성우,1
월주,1
근접,1
삭감,1
경사로,1
볼링공,1
정가,1
여잔가,1
신라,1
전통문화,1
탁아소,1
열외,1
숙직,1
해수,1
비련,1
우두머리,1
포획,1
살육,1
고려인,1
고소미,1
폭위,1
고아라,1
위트,1
몽둥이찜,1
마포,1
김포,1
방사,1
양충,1
고위층,1
내무반,1
법무부,1
조의,1
사제,1
대창,1
대갈,1
공교육,1
핫바,1
재택,1
무급,1
탁상행정,1
이력서,1
노름,1
공상허언증,1
경박,1
상근,1
물량,1
악취,1
공중제비,1
뭉치,1
체계,1
샤머니즘,1
양아,1
치상,1
족발,1
심충,1
봉충,1
시창,1
카빈,1
전투,1
불도저,1
부정문,1
대항,1
갱신,1
곰치,1
리틀,1
차이나,1
무침,1
방면,1
보니,1
링크,1
현수막,1
페북,1
대문짝,1
사학,1
종사자,1
조회,1
법규,1
신도,1
구강,1
사체,1
구름,1
구상,1
구세대,1
구정물,1
물주,1
압승,1
주저,1
모질,1
창밖,1
양국,1
비빔밥,1
흑백,1
욱일기,1
버지,1
불명,1
핵미사일,1
마야,1
그땐,1
청원,1
디스크,1
훈장질,1
피크닉,1
소임,1
부조리,1
중죄인,1
교도,1
말뚝,1
벌집,1
불법성,1
보급,1
마루,1
농가,1
농작물,1
남극,1
입영,1
수질,1
전화벨,1
보청기,1
장임,1
최대치,1
섬라,1
쿠폰,1
문어발,1
배변,1
셋집,1
취약,1
거촌,1
우연,1
인내심,1
등장인물,1
촌인,1
대조,1
펭귄,1
뚜껑,1
과식,1
위선자,1
솜씨,1
분양,1
발휘,1
트러블,1
식문,1
내각,1
앵커,1
수식어,1
거물,1
본업,1
음란,1
모험,1
정의감,1
고막,1
근육통,1
야매,1
토픽,1
주의력,1
이기전,1
눈구멍,1
최선임,1
교단,1
백년해로,1
그간,1
신지,1
매임,1
세무,1
운도,1
지지리,1
지살,1
난무,1
대년,1
인위,1
과민,1
뒷다리,1
잡이,1
대령,1
애향심,1
서점,1
영약,1
내불,1
맞짱,1
배후,1
남씨,1
설계도,1
본론,1
사슬자,1
대대손손,1
스고,1
후야,1
전시품,1
악사,1
팜유,1
동영상,1
당사자,1
총집합,1
역자,1
비웃,1
텃밭,1
추진,1
오만,1
은둔,1
만악,1
열거,1
임기,1
두지,1
무광,1
땅바닥,1
이불,1
활화,1
전근대,1
워리,1
매혼,1
현관문,1
태형,1
실베,1
몸서리,1
쌍것,1
터부,1
개복치,1
잡담,1
항공,1
동갑내기,1
정계,1
서직,1
색출,1
미사일,1
다이렉트,1
지사,1
취득,1
맘마,1
성수동,1
문젠,1
저색,1
시앙,1
경시,1
적패,1
관찰,1
퍼라,1
구르,1
게토,1
여성향,1
코맹맹이,1
현모양처,1
그라운드,1
광우,1
야발,1
인류지,1
군소,1
말더듬이,1
고국,1
살아라,1
경기장,1
시치미,1
국문,1
동북아,1
장사치,1
역하,1
시년,1
닷지,1
쌍심지,1
붕이,1
문방구,1
역사관,1
단정,1
이지모,1
드로,1
팔씨름,1
개망신,1
측은,1
중앙,1
뒤처리,1
내림,1
재팬,1
승자,1
문통,1
예국,1
동넨데,1
원화,1
떨기,1
건강미,1
낙태죄,1
대함,1
멕시코,1
징어,1
문단속,1
엄미,1
평양,1
웅덩이,1
어시스트,1
속살,1
육중,1
마찰,1
시추에이션,1
솥뚜껑,1
하이에나,1
출혈,1
최불암,1
미치광이,1
휴양지,1
실사,1
색조,1
문명국,1
프리덤,1
대방동,1
차이나타운,1
요트,1
금시초문,1
나몰라,1
털보,1
복무,1
골칫거리,1
불합격,1
감자튀김,1
표준말,1
파면,1
상전,1
돈벌이,1
기인,1
앙상블,1
과실,1
궁합,1
효수,1
표준,1
소독,1
공급,1
장식품,1
분배,1
상병,1
이때,1
블로그,1
혹평,1
아오지탄광,1
최하,1
면발,1
제기,1
방비,1
사셈,1
드보,1
신봉,1
숨통,1
주권,1
독수공방,1
병일,1
막노동자,1
성판,1
매자,1
플레인,1
탕수,1
간짜장,1
뒷골목,1
언저리,1
일억,1
사고사,1
자립심,1
사육,1
할례,1
언젠지,1
그립,1
기무,1
골인,1
바린,1
거린다,1
법률,1
백합,1
편력,1
유급,1
근수,1
얼굴색,1
조급증,1
익충,1
울보,1
태권,1
체야,1
노발대발,1
스파게티,1
귀공자,1
저학년,1
두통약,1
정화조,1
하반신,1
입단속,1
징수,1
들통,1
수지,1
굼벵이,1
코로나도,1
자비,1
풍토,1
일용,1
고요,1
개장수,1
수시,1
보드,1
어래,1
한중,1
고상,1
찬장,1
겉옷,1
급수,1
청주,1
루트지,1
난린데,1
숭상,1
척추,1
귀빈,1
범주,1
신분증,1
총생산,1
석이,1
전이,1
양종,1
기구,1
극빈자,1
공직자,1
부적합,1
극빈층,1
베가,1
도민,1
출몰,1
학부형,1
과면,1
패권,1
연루,1
짐짝,1
모작,1
원본,1
일시,1
감내,1
잠꾸러기,1
유배,1
토스,1
셰프,1
패가망신,1
조개,1
객용,1
조손,1
흙냄새,1
멕시칸,1
형체,1
반값,1
참젖,1
우기,1
만가,1
해택,1
근묵자흑,1
상것,1
작성자,1
어투,1
건진,1
광신,1
루틴,1
심정,1
저면,1
금은동,1
중량,1
캐슬,1
검복,1
급식소,1
개학,1
도무,1
유행어,1
트루,1
기골,1
폭리,1
전지전능,1
기독,1
기러기,1
취재,1
기본소득,1
납부,1
연좌,1
탄자니아,1
기상천외,1
기상,1
기안,1
기업가,1
사익,1
기온,1
차고,1
달러,1
문법,1
막지,1
사모,1
지남,1
에너지,1
경계심,1
매연,1
신호등,1
카트라이더,1
수년,1
작곡가,1
개수작,1
꽃향기,1
김치병,1
밑천,1
부스터,1
보짱,1
깜둥개,1
에스컬레이터,1
꼬랑지,1
꼬맹이,1
통닭,1
단칸,1
소양,1
포차,1
사처,1
전화기,1
권투,1
쟁자,1
개드립,1
창인,1
고수입,1
좀생이,1
끼어들기,1
앞잡이,1
지문,1
지손,1
첫날,1
소보로빵,1
흑수,1
매니저,1
깜장,1
지난주,1
주소,1
로우,1
날파리,1
한집,1
추론,1
맹목,1
요소,1
나파,1
기분파,1
말림,1
비트코인,1
베베,1
해요,1
여성기,1
수호자,1
자부,1
접수,1
외가서,1
들쥐,1
땟국,1
질대,1
지영,1
짝꿍,1
모충,1
시정잡배,1
무법천지,1
여행가,1
저금통,1
곳곳,1
나비,1
글쎄,1
필살기,1
장착,1
골방,1
정념,1
발사,1
애시,1
구식,1
컨트롤,1
망신살,1
나이스,1
바레,1
배자,1
나일강,1
깃털,1
쿼터,1
불임수술,1
낙동강,1
낙수,1
낙태법,1
밀리,1
화충,1
목질,1
전데,1
아랍인,1
제스처,1
삼엽충,1
스마트,1
구글,1
맹탕,1
관도,1
부두,1
술사,1
레이시스,1
트라고,1
미련,1
앞치마,1
차도르,1
비면,1
꼬꼬마,1
프로게이머,1
남다름,1
아이템,1
난독,1
수송기,1
난시,1
페스티벌,1
맨살,1
다구리,1
성범,1
죄범,1
호객,1
녀무,1
남동생,1
남안,1
국비,1
남로,1
잔재,1
남북,1
망돌,1
구들,1
부라노,1
하이틴,1
풍자,1
두상,1
학업,1
자서전,1
딸랑이,1
지롱,1
빨간책,1
개날,1
자폐증,1
개편,1
남양주,1
남연,1
갈비뼈,1
폐경기,1
로로,1
살래,1
브랄,1
머릴,1
중범죄,1
수정,1
권위,1
과묵,1
합죽,1
직진,1
약골,1
게스트,1
만정,1
부엌문,1
소나타,1
카마,1
난대,1
술주정,1
죄면,1
전등,1
떡값,1
시리,1
아랫돌,1
베드,1
마사지,1
뜨개,1
허수아비,1
그기,1
연전,1
연승,1
베이스,1
외국산,1
털갈이,1
하체,1
난폭,1
눈요깃거리,1
야만성,1
일러스트,1
올려치기,1
목젖,1
체육복,1
태가,1
애새끼,1
후면,1
자려,1
보완,1
매료,1
분담,1
구축,1
전희,1
쥐며느리,1
이식,1
남제,1
비실,1
고무장갑,1
마방,1
사또,1
티타임,1
궁둥짝,1
터치,1
깔창,1
총잡이,1
마누,1
전쟁터,1
성행위,1
썸녀,1
두꺼비집,1
장담,1
개도,1
공장장,1
종복,1
빗장,1
청부업자,1
세미,1
경고,1
보증,1
확보,1
초련,1
장례,1
삐딱,1
거림,1
수상,1
파란색,1
아이섀도,1
녹용,1
오른손잡이,1
사오기,1
깨소,1
경직,1
페로몬,1
약도,1
법석,1
레어,1
치료비,1
내비,1
식당가,1
내수,1
회분,1
경로석,1
생명력,1
냉동식품,1
신혼,1
냉방,1
냉정,1
소고기,1
탕감,1
의향,1
급자,1
프리랜서,1
청소차,1
개짓거리,1
각서,1
와이셔츠,1
위생사,1
일국,1
드럼통,1
연극배우,1
안색,1
점핑,1
생김새,1
할아비,1
일손,1
시궁창,1
무야,1
둔병,1
포함,1
표피,1
동남아시아,1
고기능,1
자페,1
증후,1
사려,1
샴푸,1
부축,1
한미,1
무미건조,1
맏이,1
생수,1
방관자,1
한태,1
앰터,1
스터,1
고생길,1
니트,1
샐러드,1
웬일,1
경로당,1
연식,1
드레,1
아스,1
소달구지,1
신붓감,1
베이지,1
렌츠,1
가시,1
게르만,1
위주,1
재취,1
보람,1
왕발,1
빈티지,1
땀띠,1
무이,1
귀염성,1
요령,1
대북,1
일평생,1
규칙,1
거시기,1
혈육,1
육쟁,1
신변,1
변모,1
이직,1
먹자,1
초콜릿,1
오리,1
땅차,1
백조,1
샤프심,1
살돈,1
스모키,1
길림성,1
운가,1
욕쟁이,1
바둑돌,1
넋두리,1
고슴도치,1
애완용,1
면모,1
유라,1
나무늘보,1
게으름뱅이,1
반비례,1
매니큐어,1
성냥개비,1
주체,1
찐빵,1
샤프,1
양물,1
호신술,1
상한선,1
노니,1
안주지,1
기적,1
음흉,1
골동품,1
폐품,1
안마사,1
벨트,1
넘사벽,1
참나무,1
거미줄,1
얘길,1
사자,1
평론,1
동태,1
치아,1
조성,1
세여,1
연설,1
세려,1
연합,1
노거,1
지존,1
노노,1
웨이터,1
공이,1
어공,1
책상머리,1
펜대,1
건망증,1
마음가짐,1
광우병,1
노성,1
입법,1
킬라,1
씨알,1
피엑스,1
노예선,1
자도,1
노원구,1
통화,1
적적,1
발걸음,1
흑자,1
부채,1
노쇠,1
가입자,1
살결,1
알몸,1
보자나,1
불통,1
인과응보,1
파더,1
칼로리,1
영구,1
리디,1
리리,1
줄스,1
전임,1
눈꼬리,1
독기,1
구멍,1
가래침,1
뉴요커,1
뉴욕,1
씨뿌리기,1
뒷산,1
세탁소,1
망령,1
폴더,1
조준,1
할미꽃,1
어린년,1
잔반,1
양로원,1
일과,1
시누이,1
찬스,1
노리,1
딸내미,1
홀개비,1
모르,1
식습관,1
오바이트,1
바도,1
장판,1
친오빠,1
밥풀,1
가바,1
열어,1
친일,1
곡소리,1
스튜디오,1
음원,1
하수,1
코코넛,1
등짝,1
여덟,1
센티,1
세요,1
게라,1
신천지,1
경련,1
울지마,1
생일상,1
니년,1
기력,1
스티븐,1
호킹,1
경제인,1
각기병,1
구루병,1
시위대,1
카투사,1
충색,1
니랑,1
니코,1
혼진,1
가쓰,1
버세,1
닛폰,1
발굴,1
마씨,1
할아범,1
빵점,1
다국적,1
움파,1
독창,1
주립,1
이중인격자,1
카피,1
소도시,1
방어,1
가네,1
단벌,1
기린,1
다영,1
생크림,1
지양,1
다자녀,1
정충,1
지장,1
후지,1
배타성,1
소영,1
개소문,1
혐명,1
담주,1
마켓,1
당뇨병,1
자질,1
천둥,1
벌거숭이,1
시대상,1
화물,1
마스터키,1
중후,1
도와,1
스턴트맨,1
메이,1
대가리,1
박치기,1
강력,1
재택근무,1
레밍,1
광적,1
광경,1
종놈,1
팽이,1
불여우,1
복사,1
대안,1
헛물,1
바이럴,1
지리멸렬,1
청담,1
개포,1
구임,1
의치,1
수한,1
대학원생,1
대화문,1
독해,1
편충,1
돼지비계,1
의아,1
걸요,1
보상금,1
경멸,1
마조,1
어당,1
조중동,1
박지,1
의절,1
사방팔방,1
징벌,1
박고,1
멘토스,1
마지,1
본사,1
거플,1
덤프,1
적재,1
진격,1
킹콩,1
스케줄,1
덴마크,1
동화,1
선명,1
도네,1
쿠란,1
증언,1
지알,1
눈동자,1
충공깽,1
독일인,1
목표지,1
멍게,1
사질,1
꿀맛,1
번복,1
태충,1
구두쇠,1
상페,1
유니세프,1
스테이크,1
노이,1
친척,1
먹지,1
돌고래,1
지달,1
다래,1
시커,1
벨라루스,1
자충,1
반품,1
반바지,1
사오,1
남인,1
분식,1
짝짓기,1
동반자,1
진취,1
동방예의지국,1
동북공정,1
파병,1
동서고금,1
생물학,1
애호가,1
불치병,1
짱돌,1
동성혼,1
프로레슬링,1
절망,1
편인,1
동탄,1
광교,1
시티,1
동태눈,1
산국,1
젤리,1
귀두,1
제주,1
땀내,1
풍만,1
패서,1
살벌,1
싱이,1
수족,1
뒷방,1
뒷조사,1
원미,1
전개,1
트롯,1
뇌쇄,1
드름,1
등본,1
새우,1
대사,1
제임스,1
릴리,1
딩크족,1
루트,1
와이파이,1
악역,1
출석,1
잇감,1
푸틴,1
영암,1
출가외인,1
보필,1
부고,1
와리,1
묘기,1
도자,1
땅거지,1
명상,1
지켜줘,1
예천,1
현직,1
후생,1
교모,1
취면,1
나래,1
시동,1
요상,1
남종,1
성차,1
별주,1
빌드,1
대장균,1
캠페인,1
멜론,1
유심,1
학부모회,1
의학,1
노랭이,1
마름,1
양한남,1
모터,1
튜닝,1
선후배,1
우호,1
프리카,1
갈충이,1
원피스,1
착즙,1
어딜까,1
삼위일체,1
철가,1
노어,1
티모,1
세수,1
발새,1
기원전,1
동경,1
안전장치,1
래디컬,1
작사가,1
욕지거리,1
럭키,1
레디,1
호도,1
연이,1
추세,1
레이디,1
레카,1
카나,1
성부,1
통일부,1
망주,1
리발,1
링컨,1
망천,1
필터링,1
계촌,1
마나,1
랜더,1
파임,1
마법사,1
마을버스,1
밴댕이,1
소갈딱지,1
어민,1
학실,1
마장,1
마진,1
안내원,1
뒷정리,1
유기,1
간장,1
사귈래,1
겨냥,1
밧줄,1
사냥감,1
신민,1
가스통,1
포용,1
모지,1
아주머니,1
지칭,1
인거,1
마통,1
조지,1
플로이드,1
찰과상,1
맞대결,1
충년,1
수습,1
신사임당,1
한석봉,1
어머닌,1
레시피,1
요리사,1
소련,1
누살,1
출처,1
개언,1
심봉,1
레이더,1
난장,1
인테리어,1
누적,1
요물,1
식성,1
요절,1
날걸,1
설움,1
갈일,1
복제품,1
족발이,1
다이아나,1
교화,1
도살장,1
왕비,1
피린,1
초래,1
복근,1
비주류,1
열풍,1
목욕물,1
할증,1
상업,1
개털,1
손등,1
맞춤,1
구호,1
전동,1
막걸리,1
갱단,1
쇼핑몰,1
오리엔탈리즘,1
화분,1
예습,1
블루칼라,1
굴기,1
반백,1
땀범벅,1
낙인,1
사내구실,1
독인,1
문해,1
조함,1
간걸,1
전셋값,1
작당,1
내리막,1
티오,1
마드,1
날짜,1
피하,1
메탈,1
말썽,1
평안,1
마인,1
속마음,1
동질감,1
모욕,1
마누리,1
명대사,1
명동,1
클린,1
교양인,1
홍위병,1
재래시장,1
생지옥,1
하대,1
성주,1
서로,1
결석,1
모의고사,1
모티브,1
동일시,1
재질,1
목화솜,1
형부,1
시키지,1
볼링,1
인삼,1
중금속,1
숙성,1
당분,1
몸종,1
증상,1
투척,1
선순데,1
주젠데,1
일거리,1
결호,1
저지,1
주관,1
언쟁,1
고무신,1
반발,1
선입견,1
소충,1
소상,1
호위,1
호식,1
병환,1
구닥다리,1
진단서,1
신사,1
토속,1
코볼,1
패잔병,1
박정희,1
비누,1
공존,1
무역,1
무재,1
깃발,1
절임,1
저미,1
가충,1
문서,1
출력,1
단임,1
액세서리,1
토시,1
완행열차,1
급행열차,1
사퇴,1
문창,1
문하생,1
견해,1
물값,1
물고기,1
행시,1
전염성,1
통아,1
소속감,1
벌보,1
외형,1
멱살,1
얼굴뼈,1
절리,1
양악,1
애니팡,1
중늙은이,1
소품,1
머스마,1
여덕,1
구급차,1
솔로인,1
백설기,1
프라,1
노야,1
번역자,1
양력,1
소극,1
핏덩이,1
연륜,1
지불,1
고인,1
상국,1
딴소리,1
망해,1
방파,1
마피아,1
무식쟁이,1
총질,1
약탈자,1
양잿물,1
비매,1
정나미,1
빈자리,1
라미,1
별생각,1
소머,1
소홀,1
미신,1
놀음,1
미얀마,1
용고,1
미적분,1
매개체,1
미정,1
미칭,1
뒷골,1
고임금,1
지휘부,1
민초,1
가슴둘레,1
체스,1
발란스,1
태운,1
용건,1
바지춤,1
편육,1
동사,1
총칭,1
반도,1
패치,1
행태,1
반평생,1
반포,1
케이티엑스,1
호남선,1
서해안,1
발갱이,1
각질,1
요네,1
중궤,1
영정,1
득실,1
밤낮,1
방아,1
밤새,1
밤색,1
로드,1
화산,1
인민군,1
밥벌레,1
빨간불,1
방석,1
희화,1
만연,1
자수,1
도쿄,1
강행,1
밭일,1
책상,1
정통,1
보호석,1
석도,1
석임,1
배트맨,1
현병,1
비뇨기과,1
전두엽,1
하관,1
거유,1
대환영,1
페티쉬,1
내상,1
역변,1
오르,1
백수인,1
부유,1
백제,1
뱃사람,1
턱살,1
계정,1
캅스,1
인피,1
만취,1
퍼스트,1
기침,1
지리구,1
저그,1
번역가,1
번화가,1
안가,1
레지,1
경선,1
불복,1
뉘앙스,1
예행,1
게으름,1
생이,1
융통,1
천배,1
이탈리아,1
과녁,1
불사,1
손질,1
살냄새,1
신청,1
베이징,1
모닝,1
운석,1
소매치기,1
베트남인,1
구르카,1
로고,1
레버,1
농약,1
재탕,1
도수,1
암초,1
바나,1
몸치,1
폐해,1
라보,1
본향,1
야만족,1
백숙,1
밀매,1
근간,1
보라,1
보좌,1
버거,1
과부,1
홀리데이,1
설계사,1
보헤미안,1
랩소디,1
복도식,1
붙이,1
복어,1
수당,1
타가,1
본드,1
투비,1
불가촉,1
볼풀,1
까께,1
꾸밈,1
페드,1
술장사,1
정처,1
후처,1
오뎅,1
난폭운전,1
우스,1
마태,1
부페,1
북경,1
실효,1
이니스,1
세일,1
육지,1
방파제,1
고속철,1
과천,1
첩년,1
분식집,1
극빈,1
계좌,1
곰국,1
불교,1
불닭,1
닭고기,1
라틴,1
스티커,1
개뿔,1
식용,1
재로,1
사흘,1
불장난,1
대림,1
흙탕물,1
제로인,1
붕당,1
증서,1
아르헨티나,1
차야,1
혼동,1
실골,1
스무디,1
블루,1
온종일,1
남권,1
비굴,1
연놈,1
비닐봉지,1
비명,1
어문,1
비양,1
타보,1
맨발,1
실내화,1
진아,1
운자,1
수니,1
협력,1
국기,1
총출동,1
빨래방,1
빨치산,1
소총,1
골짜기,1
특제,1
즈놈,1
추천서,1
뿌까,1
사감,1
리버스,1
극기,1
쓴소리,1
사내대장부,1
내기,1
사대주의,1
몸집,1
비즈니스,1
현지인,1
오리지날,1
주점,1
채소,1
나트륨,1
사랑니,1
사립대,1
뒤탈,1
사법부,1
신봉자,1
사시미,1
가동,1
카스트,1
주거지,1
사우나,1
견도,1
재채기,1
육신,1
사촌,1
사춘기,1
지역색,1
사팔뜨기,1
악은,1
분란,1
낙오,1
미싱,1
불꽃,1
이롭,1
산골,1
산란기,1
남지,1
가로,1
외침,1
화성,1
삼성전자,1
전전긍긍,1
보로,1
어드메,1
궁녀,1
간녀,1
상거지,1
말장난,1
상노무,1
상담원,1
돌리지,1
상류층,1
후각,1
상속,1
용임,1
상하이,1
독불장군,1
인석,1
샐러리맨,1
공노비,1
사노비,1
개짱,1
고동색,1
된장찌개,1
넘버,1
깐풍기,1
불순,1
기념,1
고간,1
통신문,1
아나바다,1
토끼,1
걱대,1
어처구니,1
오물통,1
깨달음,1
청소년기,1
적립,1
카추,1
서연,1
서남,1
상존,1
법대,1
비표준어,1
소탕,1
강남구,1
서핑,1
다매,1
시르,1
교인,1
선발,1
할당,1
맞담,1
우주선,1
섬놈,1
섭외,1
실명,1
판매,1
성감대,1
레위기,1
명시,1
간음,1
성경대,1
계부,1
괄호,1
군자,1
혐오증,1
성장기,1
육류,1
보형물,1
리언,1
불나방,1
시찰,1
부가가치세,1
감염자,1
토요일,1
일안,1
세라핀,1
세치,1
힐링,1
동해,1
서해,1
징이,1
소방,1
조치,1
상공,1
생필품,1
방세,1
추지,1
술타령,1
아가방,1
깍지,1
손재주,1
평준,1
오명,1
우열,1
탈취,1
똥줄,1
만기,1
돌팔이,1
첩자,1
앞장,1
동원,1
은수저,1
쉼터,1
유죄,1
남붕,1
악수,1
원시,1
송편,1
쇼트커트,1
갈로,1
다망,1
때기,1
수드라,1
수레,1
가형,1
수리비,1
이케아,1
쓰래,1
연고,1
충족,1
수표,1
수화,1
순경,1
역행,1
의심병,1
순천,1
반성문,1
부당,1
출신성분,1
숨바꼭질,1
어임,1
숭실대,1
쉬메일,1
여고생,1
콧소리,1
듣는,1
시랑,1
제이,1
스크린,1
크로스,1
스터디,1
스트리,1
능구렁이,1
과야,1
구득,1
타임,1
크로,1
자행,1
욜라,1
시간표,1
바람둥이,1
슈퍼카,1
메뚜기,1
수성리,1
초갓,1
요구사항,1
시내,1
회의감,1
직책,1
드노,1
시벨,1
색의,1
출발,1
각하,1
갑인,1
광장,1
전날,1
부랑아,1
원산지,1
신림,1
영등포,1
신문사,1
신생아,1
처키,1
벙어린,1
신축,1
신학생,1
얼굴마담,1
싫증,1
관객,1
방안,1
묵사발,1
싸이,1
모녀,1
돌팔매,1
기생집,1
산속,1
작두,1
민속놀이,1
퇴장,1
투병,1
쌍녀,1
방사선,1
휴머니즘,1
전복,1
무등산,1
황천,1
얼차려,1
알약,1
난교,1
쓰레기봉투,1
단투,1
앞가림,1
맞대응,1
닭살,1
미뢰,1
부도,1
부역,1
공범,1
여남,1
상품권,1
출판,1
침범,1
시안,1
감지,1
진득,1
남상,1
시포,1
추남,1
철벽,1
오에,1
입체감,1
침침,1
리수,1
뒤꽁무니,1
꽁치,1
횡재,1
국내산,1
항마,1
수강,1
먼가,1
졸사,1
위인전,1
통행금지,1
본가,1
비탕,1
배민,1
홍차,1
광색,1
섬사람,1
비린,1
서포터,1
메기,1
박이,1
일거,1
서적,1
마지노선,1
개소주,1
씨방,1
포토,1
월요일,1
유미,1
경기력,1
극치,1
서쪽,1
패턴,1
라식,1
배리어,1
다이어리,1
귀저,1
에리카,1
뼈다구,1
식겁,1
사범,1
메신저,1
왜소증,1
투어,1
함량,1
아귀,1
유기농,1
분쇄기,1
옥동자,1
닮음,1
기억력,1
식체,1
충돌,1
기소,1
산타클로스,1
허무,1
패배주의자,1
민구,1
몰수,1
못가,1
걸리,1
지고지순,1
휴가비,1
고의,1
경운기,1
동사무소,1
머리띠,1
쿠사리,1
연관,1
은행,1
시중,1
책무,1
기장,1
기장군,1
하비,1
리뷰,1
미숙아,1
욕설,1
작용,1
두진,1
고구려,1
출구,1
산채,1
문턱,1
리얼리티,1
위지,1
배설,1
패도,1
치위,1
생사,1
삽입,1
아동학,1
구마,1
길동무,1
단련,1
답안지,1
부어,1
건가요,1
복날,1
발라도,1
뭘해,1
기라,1
레포츠,1
구랑,1
인체,1
자기혐오,1
콩깍지,1
뒤웅박,1
재수생,1
일침,1
아버님,1
아무개,1
건포도,1
체취,1
아씨,1
오갈데,1
폴리스,1
아아,1
열불,1
진골,1
차노,1
꿀벅지,1
발연기,1
심상,1
아이코,1
아이티,1
사각팬티,1
트랜지스터,1
이것저것,1
시임,1
갈래,1
표지판,1
스테이션,1
사이드,1
미러,1
잉크,1
애식,1
무효,1
아집,1
수라상,1
고층,1
협력자,1
농노,1
천진,1
알파,1
이충은,1
종갓집,1
효녀,1
진행자,1
독립군,1
기녀,1
이원화,1
고마,1
오려,1
고려대,1
세종,1
페스만,1
체증,1
깜놀,1
선동가,1
결정타,1
스파이크,1
애일,1
만사태평,1
오렌지색,1
애니멀,1
호더,1
빈털터리,1
헬반도,1
조립,1
수영복,1
차타,1
난데,1
기고,1
엄만데,1
바라지,1
모인,1
자련,1
넷플릭스,1
흑유,1
기존,1
면바지,1
쌍방울,1
고함,1
점장,1
지위,1
로션,1
띠동갑,1
털끝,1
잠수,1
대두,1
호피,1
나시,1
마냥,1
교통카드,1
적금,1
가리개,1
비곗덩어리,1
이층,1
웨이,1
척도,1
개해,1
알라후,1
아크바르,1
교훈,1
러시,1
파인,1
핫팬츠,1
재야,1
덴데,1
굴통,1
두령,1
중범,1
문짝,1
긴데,1
메주,1
떡고물,1
칠칠,1
시스루,1
성량,1
티네,1
차인,1
진면목,1
명암,1
똥개,1
분신자살,1
후원금,1
개살구,1
처자식,1
핸드백,1
발레,1
타킨,1
교육자,1
부재,1
인색,1
가정일,1
풀떼기,1
헌법,1
광훈,1
프리미어,1
야구장,1
방지법,1
야식,1
하숙집,1
준표,1
아인슈타인,1
약국,1
약발,1
양극,1
양념치킨,1
푸드,1
양비론,1
건보,1
걸레,1
코드,1
뎅이,1
메리트,1
트윗,1
아상,1
실차,1
거지새끼,1
스펙트럼,1
박빙,1
정형,1
외과,1
손전등,1
대용,1
타려,1
계약서,1
실업팀,1
안무,1
밑자락,1
아낙네,1
고등,1
다누,1
경례,1
직물,1
내서,1
말대답,1
카메오,1
수간,1
드리,1
허울,1
길가,1
령기,1
연탄가스,1
궁을,1
수양,1
불공평,1
냉수,1
어부지리,1
우주인,1
함정,1
미움,1
어의,1
실증,1
은평,1
본선,1
득표,1
개때,1
과음,1
육개장,1
짜파게티,1
개막,1
골판지,1
하우스,1
닥지,1
귀티,1
이주동,1
이중성,1
우둔,1
성미,1
결과물,1
기상대,1
후환,1
묘사,1
물갈이,1
강원,1
산산조각,1
예정자,1
앙꼬,1
호빵,1
리재,1
불체,1
이산화,1
탄소,1
물면,1
굴레,1
안심,1
주무,1
쳇바퀴,1
육군,1
정교사,1
조문,1
클리닝,1
도착,1
유람,1
수원,1
권위주의,1
콜라보레이션,1
고깃덩어리,1
일대,1
주정뱅이,1
중재법,1
총동원,1
파산,1
알거지,1
움직임,1
소아마비,1
야수,1
식욕,1
애서,1
술살,1
얼룩,1
서원,1
곰보빵,1
타협,1
묘자리,1
시덥,1
특채,1
얼리,1
어답터,1
파키,1
실실,1
배상,1
팻말,1
피시,1
방임,1
선급,1
연필,1
계지,1
두루미,1
방주,1
여자기,1
가보세요,1
롤플레잉,1
매한가지,1
챔프,1
복직,1
입주,1
소믈리에,1
흑아,1
얼만데,1
텐트,1
버네,1
무용,1
호호,1
순찰,1
공창,1
집결,1
부사관,1
관계자,1
위축,1
옷가,1
가셈,1
창남,1
사당,1
너흰,1
한상,1
잡채,1
도테,1
걸이,1
종군,1
위안,1
부야,1
단세포,1
매갈이,1
비비,1
선호,1
마크,1
깔개,1
여름철,1
미니,1
이모님,1
끝물,1
절친,1
소취,1
유감,1
석방,1
출마,1
살길,1
국자,1
통한,1
교체,1
벌칙,1
웃음거리,1
조롱거리,1
사죄,1
이지만,1
남녀노소,1
네영,1
여체,1
케익,1
딴지,1
아다모,1
하버드,1
열애,1
인신공격,1
대작전,1
야근,1
쪽수,1
소음순,1
남용,1
면도,1
하룻밤,1
도발,1
쓸데,1
혐의,1
드럼,1
성깔머리,1
부질,1
워싱,1
스트레칭,1
싱글,1
춤바람,1
알뜰,1
지참금,1
자중,1
오뉴월,1
액정,1
내리막길,1
발등,1
불똥,1
나이다,1
검소,1
병풍,1
악세사리,1
로비,1
전리품,1
시장판,1
폐야,1
창조,1
카테고리,1
탐지기,1
이고,1
공백기,1
피임약,1
제어,1
투사,1
해오라,1
하난,1
수통,1
섹스,1
한입,1
운동복,1
손민수,1
산후조리원,1
부적,1
아래쪽,1
뺑뺑이,1
만능인,1
종과,1
극도,1
불온사상,1
대처,1
복숭아,1
사교육,1
단편,1
수동,1
일쑤,1
귓등,1
접대,1
미침,1
피해망상증,1
제물,1
큰소리,1
쇼트트랙,1
안내,1
주축,1
제육,1
개토,1
호소,1
일터,1
캠프파이어,1
쌍방,1
레슨,1
오피스,1
이프,1
북남,1
박력,1
관리자,1
부하,1
캐치,1
여보,1
사찰,1
손상,1
라이터,1
공론,1
맘고생,1
이녀,1
소두,1
한날한시,1
역녀,1
여포,1
개택,1
연세대,1
얼레,1
자상,1
언놈,1
더블,1
크라운,1
핍박,1
결말,1
동굴,1
단타,1
디나,1
확신,1
체지,1
일류,1
출신자,1
품격,1
자적,1
한수,1
둔재,1
도륙,1
후지네,1
튀남,1
윗선,1
탈동,1
임팩트,1
린다,1
죽인,1
이목,1
미남미녀,1
흉기,1
역지사지,1
인면,1
굽지,1
도배쟁이,1
연세,1
첫마디,1
집자,1
똥폼,1
부가,1
차례,1
열정,1
애지,1
유용,1
기술력,1
쌈질,1
염색약,1
염색체,1
요충지,1
나리,1
왕실,1
스윗남,1
발리,1
공용어,1
디바,1
영화관,1
주임,1
차기,1
농업,1
상징,1
예멘,1
귓대기,1
구형,1
가부키,1
무식한,1
쭈그렁바가지,1
사서,1
퉁명,1
육회,1
밑반찬,1
어장,1
니트족,1
플렉스,1
군부대,1
갈갈이,1
뒤안길,1
향신료,1
클랜,1
천형,1
공직,1
꾸렁내,1
기니,1
통가리,1
불운,1
노신,1
릭터,1
참회,1
지신,1
커피숍,1
열일,1
오렌지,1
오바마,1
환청,1
장손,1
오우,1
오일남,1
뼈대,1
폭침,1
정해,1
말년,1
망이,1
바이충,1
오픈카,1
수육,1
돼지우리,1
반감,1
풀스,1
장본인,1
반중,1
젖내,1
타로,1
국경,1
추모,1
갑제,1
매정,1
로얄,1
캐닌,1
터리,1
화생방,1
생애,1
이럼,1
자슬,1
점가,1
전봇대,1
주목,1
환호,1
천식,1
사네,1
초고,1
추장,1
굵기,1
슈크림,1
상실자,1
천하장사,1
갓양,1
찌찌,1
바고,1
개아,1
매생,1
신석기,1
자의,1
아노,1
도매금,1
시봉,1
코털,1
타래,1
지발,1
대밭,1
이짜,1
루타,1
독점,1
왜인,1
토착민,1
풍습,1
퍼짐,1
침대위,1
살맛,1
혼혈아,1
차게,1
단순노동,1
외면,1
외신,1
구사,1
어둠,1
누군지,1
볼륨,1
노선,1
스토어,1
입점,1
매몰,1
대리모,1
비중,1
강성,1
결제,1
부황,1
애국주의,1
상팔자,1
병영,1
독립영화,1
빙자,1
독서실,1
부끄러움,1
단다,1
국익,1
지만,1
타락,1
가사일,1
전자팔찌,1
졸도,1
대세지,1
토토,1
전기사,1
모스,1
토플,1
사나,1
황금색,1
용은,1
별법,1
아찌,1
놀부,1
알고,1
동지,1
예찬,1
청산가리,1
치어,1
입학식,1
건의,1
글거리,1
임원진,1
동문,1
외교,1
간년,1
이웃나라,1
출소,1
경찰견,1
일처다부제,1
저곳,1
샤리아,1
수준급,1
뺑소니,1
교관,1
군사,1
국수집,1
목살,1
케라,1
불면증,1
남남,1
결합,1
동아,1
두유,1
무지몽매,1
발병,1
운수업,1
십중팔구,1
처지,1
이야길,1
쌈박질,1
정전,1
시부모,1
공업,1
게이더,1
새한,1
땅장사,1
친가,1
여들,1
세습,1
타산,1
시너지,1
꽈배기,1
강자,1
법칙,1
후려,1
지구력,1
쪽박치,1
포악,1
종가,1
개입,1
땟국물,1
원주,1
원칙,1
눈귀,1
이백,1
방맹이,1
웨이팅,1
마곡,1
옥탑,1
윗입술,1
윗자리,1
기견,1
유니버설,1
향기,1
해명,1
임종,1
유색,1
얼짱,1
유흥업,1
죄책감,1
윤석열,1
도통,1
활동복,1
새낀가,1
개맛,1
도시락,1
마산,1
장갑차,1
별일,1
푸념,1
도우,1
남가,1
잡탕,1
게임방,1
비추,1
은평구,1
중랑구,1
사관,1
섹슈얼,1
폐업,1
명부,1
공작,1
피말,1
영업직,1
다이아,1
탄수화물,1
저울질,1
자택,1
팟타이,1
다이너마이트,1
만국,1
월아,1
시급제,1
애벌레,1
최저임금,1
해준,1
노총,1
떡갈비,1
트랜드,1
졸음운전,1
설교,1
간밤,1
푸대접,1
좌뇌,1
의수,1
제자리,1
걸음,1
개발자,1
고소득,1
귓밥,1
돌때,1
애기야,1
헬렌켈러,1
출제,1
버꾸,1
언젠데,1
이용자,1
자보,1
프랑켄슈타인,1
판도라,1
이브,1
운동장,1
연구자,1
판도,1
조이,1
고전,1
노동요,1
사무소,1
소위,1
대구경북,1
갱도,1
벌거지,1
박원,1
쉬때,1
문임,1
실태,1
이날,1
귀각,1
인민재판,1
상동,1
부치,1
스나,1
죽는다,1
안생,1
통로,1
찜질,1
래서,1
백치,1
천출,1
제충,1
에티오피아,1
골칫덩이,1
오포,1
성년자,1
기봉,1
잠적,1
축들,1
뭔데요,1
공모,1
인신,1
검스,1
폭우,1
남성혐오,1
협찬,1
내년,1
보삼,1
대에,1
입소,1
이륜차,1
넙대,1
액스트,1
마상이,1
종짓,1
전성기,1
칙어,1
이벤트,1
카와이,1
어감,1
이세영,1
라미란,1
이국주,1
박나래,1
이세키,1
스탈린,1
재정,1
리티,1
걸립,1
잔지,1
자치구,1
이슬람교,1
민간,1
유린,1
이슬,1
본고장,1
산답,1
일본도,1
코리안,1
방뇨,1
금요일,1
마블,1
라니,1
행패,1
화장발,1
폭포,1
글로벌,1
고동,1
피신처,1
해병,1
소송,1
청구,1
순화,1
악용,1
인가,1
악어,1
징일,1
인구수,1
초상권,1
대량,1
살상,1
패륜,1
변이,1
윤간,1
인디,1
폴리네시아,1
부관참시,1
울만,1
잡인,1
울미,1
사이코,1
그램,1
어마,1
판대,1
인적,1
개추,1
설라,1
목메,1
전제,1
입배,1
공갈빵,1
고독,1
근친상간,1
다이빙,1
내도,1
수어,1
통역,1
장보기,1
오스트,1
감력,1
안드로메다,1
세린,1
외양,1
뇌사,1
서양식,1
부망,1
팬츠,1
표식,1
파밍,1
온상,1
향내,1
언서,1
목저,1
일급,1
기밀,1
앙망,1
착함,1
초토화,1
발톱,1
색안경,1
병무청,1
녀피,1
당쟁,1
반고,1
오류,1
베개,1
게시,1
들배,1
연명,1
가면,1
웬수,1
개최,1
인질,1
할복,1
구순,1
구개열,1
일숫돈,1
사채업자,1
폭죽,1
기권,1
드라이버,1
안중,1
일흔,1
동조,1
왜사,1
진학,1
주소지,1
봉변,1
육교,1
비지니스,1
내자,1
떡두꺼비,1
잇몸,1
동성연애자,1
잉글랜드,1
지색,1
탕진,1
복임,1
자두,1
자급자족,1
슬픔,1
투영,1
대인배,1
제력,1
마돈나,1
주눅,1
보룡,1
몸짱,1
자길,1
공동체,1
북유럽,1
정자은행,1
미흡,1
차주,1
짠돌이,1
매품,1
풀코스,1
자문화,1
중심주의,1
일말,1
싸움질,1
자연산,1
자율,1
자자,1
감상,1
마시,1
실밥,1
지하드,1
하렘,1
격차,1
알파벳,1
커팅,1
모면,1
쉬쉬,1
기약,1
복시,1
잘잘못,1
잠실,1
철분,1
잡귀,1
두품,1
본과,1
잡티,1
장롱면허,1
생쥐,1
이동권,1
형벌,1
개정,1
서커스,1
오산,1
엘레,1
이터,1
능률,1
도지사,1
발급,1
방자,1
이몽룡,1
드래곤,1
명이,1
가구,1
모되,1
준용,1
매야,1
업해,1
방망이,1
교육감,1
보세,1
놀토,1
고르지,1
엔젤,1
불치,1
다키마쿠라,1
죄질,1
사형수,1
자대,1
줄담배,1
치트키,1
놀러,1
비대칭,1
수납,1
푸시,1
중구난방,1
유식,1
학비,1
쌍둥이,1
가닥,1
공공장소,1
식상,1
심장,1
구애,1
변실금,1
막차,1
매생이,1
마산어시장,1
연상녀,1
마우스,1
저대,1
배식,1
하마다,1
보고서,1
카니,1
유소년,1
축구팀,1
양다리,1
실물,1
타지,1
성당,1
시한폭탄,1
여사장,1
챔피언,1
집게,1
눈깔,1
오라비,1
콧물,1
해일,1
중공군,1
업데이트,1
재건축,1
팔계,1
철강,1
개인기,1
저팔계,1
유흥,1
지하실,1
추진력,1
실시,1
한복판,1
성조,1
루머,1
팔자걸음,1
여수,1
나기,1
아웃렛,1
박시,1
경호원,1
설날,1
맨데,1
히토미,1
변형,1
풍기,1
개종자,1
양손,1
건다,1
흑연,1
진안,1
채취,1
대치면,1
민은,1
반죽음,1
여력,1
변호,1
변새,1
거심,1
마운,1
돌판,1
블로거,1
대개,1
직무,1
미추,1
위촉,1
생태,1
교란,1
수퇘지,1
간택,1
감치,1
즉시,1
캡슐,1
주먹맛,1
의부증,1
광고주,1
초년생,1
엄두,1
덤프트럭,1
대도,1
저름,1
저분,1
저상,1
저혈압,1
적군,1
거짓말쟁이,1
센트,1
귀국,1
외국물,1
아브두,1
고립,1
배상금,1
이력,1
상륙,1
도충,1
네발,1
분명,1
매운맛,1
안중근,1
출격,1
좀것,1
친분,1
일가견,1
죄의식,1
친딸,1
배신감,1
승복,1
미터,1
치자,1
매립장,1
우승,1
지주,1
발전소,1
전립선,1
프라이드,1
추정,1
출국,1
전사자,1
커피콩,1
감정싸움,1
재건,1
체형,1
조시,1
방석집,1
파격,1
상급자,1
판다,1
제복,1
젊음,1
낙점,1
점마,1
부시,1
점심때,1
미관상,1
입원,1
달나라,1
방사성,1
지지율,1
동문회,1
인니,1
존망,1
화딱지,1
언덕,1
샤워기,1
깡다구,1
수배,1
전단,1
정신증,1
궐기,1
백정아,1
정은,1
분방,1
정치색,1
정치성향,1
경향성,1
조정,1
본국,1
행진,1
보존,1
독립국,1
사법,1
소이,1
비대,1
쇼타,1
조디,1
선포,1
조민,1
하임,1
개중,1
제국,1
토호,1
떼거리,1
자연인,1
게이트,1
부대원,1
말래,1
우범,1
간염,1
레인,1
리엔,1
추앙,1
과목,1
비열,1
대림역,1
부지,1
한국식,1
딜런,1
상해죄,1
풀뿌리,1
야누스,1
요란,1
조조,1
생방,1
살충,1
참작,1
족구,1
마기,1
대참사,1
경청,1
개부,1
혼전,1
종량제,1
종편,1
정찰대,1
화장터,1
가정주부,1
의전,1
살생,1
셰리,1
주세요,1
특검,1
임명,1
가늠,1
엘라,1
직행,1
동의어,1
포즈,1
칭호,1
변국,1
주니어,1
기지,1
호오,1
주인장,1
까네,1
준석,1
줄다리기,1
암묵,1
초토,1
생일날,1
반경,1
이내,1
제재,1
원점,1
수당금,1
갑부,1
돌상,1
올인,1
화이팅,1
혼합,1
양념,1
만리장성,1
목동,1
신도림,1
문래,1
니마,1
모토,1
세면대,1
상하,1
해공,1
갈단,1
합병,1
위화감,1
배제,1
일임,1
땅따먹기,1
진성,1
방바닥,1
대만인,1
정정,1
동녀,1
악순환,1
중령,1
돌궐,1
재생,1
중청,1
중학,1
중화,1
지배했,1
송치,1
참수형,1
납골당,1
억장,1
아부,1
승질,1
미미,1
호황,1
회사원,1
유포,1
와라,1
우생학,1
개관,1
천선,1
전투력,1
항쟁,1
시댄,1
막대,1
반팔,1
학기,1
만무,1
분별,1
전략,1
보유자,1
기노,1
국경선,1
충인,1
편협,1
과지,1
공포,1
하향,1
구색,1
인년,1
지린,1
기저,1
지방사,1
인만,1
밸류,1
말기,1
마귀,1
체이,1
당갈,1
성도,1
이이,1
레크리에이션,1
각목,1
모자람,1
갈바,1
학부,1
오야,1
오너,1
잡도,1
잡전,1
참기,1
편의,1
배기,1
입관,1
카지오,1
외치,1
건어물,1
코뿔소,1
방뎅이,1
범법자,1
그년,1
무력,1
돈거래,1
식판,1
아행,1
개속,1
국행,1
검토,1
음료,1
분량,1
재롱,1
놈팡이,1
하이패스,1
고역,1
너구리,1
마담,1
사녀,1
선척,1
거열형,1
헛소문,1
신설,1
파이어볼,1
여니,1
오체,1
불만족,1
실감,1
나간,1
금낭,1
비지,1
파견,1
반절,1
돈돈,1
수비수,1
콘테스트,1
살짝,1
농장,1
트리플,1
부르스,1
텐데요,1
진짠지,1
진핑,1
진흙탕,1
능대,1
교미,1
고성방가,1
행각,1
사요,1
기주,1
집사람,1
집세,1
폐가,1
무장,1
굴리,1
초벌,1
방콕,1
성징,1
소국,1
한식집,1
진품,1
증시,1
폭락,1
스랑,1
출시,1
개배,1
서버,1
조약,1
아바타,1
남소,1
벨기에,1
슈트,1
오예,1
상수도,1
시스,1
냇가,1
계몽,1
연습생,1
기함,1
제조사,1
협약,1
폭격,1
나불,1
머리수,1
전염병,1
일렬,1
상질,1
필연,1
사신,1
형사,1
신문,1
궤멸,1
퍼트,1
빠꾸,1
스파,1
개스,1
파지,1
카오,1
소독차,1
원상,1
복구,1
벌도,1
화면,1
패전국,1
홍수,1
해적단,1
선장,1
관음증,1
아구창,1
갑옷,1
바닷속,1
라시,1
피스톤,1
방출,1
평타,1
인턴,1
의안,1
기대치,1
출입증,1
외박,1
은우,1
물청소,1
아래위,1
장유유서,1
참을성,1
참치,1
애꾸,1
제도지,1
뇌성,1
버전,1
천상,1
부촌,1
유족,1
거짓꼴,1
연대감,1
철창,1
청결,1
청기와,1
청력,1
폭포수,1
청춘,1
청학동,1
체육계,1
임무,1
아궁,1
보일러,1
구몬,1
평상시,1
든거지,1
복이,1
촛대,1
통수권,1
단두대,1
군장,1
전후,1
최면,1
마술사,1
랜덤,1
비애,1
감가,1
재활,1
축동,1
춘식,1
장파,1
등산복,1
출발선,1
저조,1
출생,1
졸음,1
홍등가,1
취두,1
동전,1
흑로,1
약과,1
헤븐,1
안조,1
셔터,1
친문,1
친자,1
검찰,1
칠순,1
어택,1
후배위,1
알음알음,1
요일,1
연력,1
별장,1
난나,1
매쟁이,1
전설,1
신남,1
적선,1
군고구마,1
따름,1
엄만,1
나체,1
음치,1
도심,1
명서,1
나부,1
추하,1
고깃집,1
불판,1
일등석,1
바캉스,1
두꺼비,1
정품,1
이질감,1
조악,1
거적때기,1
평점,1
시그,1
극대,1
술떡,1
캐릭,1
말단,1
득달,1
드라이브,1
스루,1
곤봉,1
여의사,1
강박,1
증도,1
인생철학,1
탈랄,1
압축,1
소라,1
감귤,1
반어법,1
화보,1
초중,1
후평동,1
개력,1
카카오,1
네이버,1
신시가지,1
신시,1
국간,1
캐나다,1
별수,1
눈요기,1
캥거루,1
그늘,1
놈팽이,1
탄탄대로,1
명언,1
대고,1
원초,1
티저,1
케냐,1
원룸,1
얄라,1
다이,1
떼거지,1
아이러니,1
인과성,1
간식,1
막자,1
일조,1
리비어,1
되놈,1
사탕발림,1
추파,1
처단,1
포비,1
전시회,1
머리끄댕이,1
유치장,1
옹달샘,1
큰상,1
샌님,1
삐끼,1
클리,1
코트,1
마니,1
콩나물,1
키스방,1
시술,1
한큐,1
타국,1
명목,1
청부,1
니다,1
탐라,1
파워,1
태조,1
왕건,1
태초,1
땐가,1
노고,1
레반,1
조수,1
수난,1
쓰노,1
텍사스,1
텐션,1
텔레,1
뱅킹,1
텔리,1
비전,1
마왕,1
필터,1
데이,1
투데이,1
대기업,1
통바지,1
의리,1
반년,1
주홍,1
기년,1
튀김,1
커서,1
인용,1
질식,1
기차놀이,1
네이트,1
부티,1
설사,1
요원,1
무에,1
구이,1
물론,1
매입,1
뇌수,1
메타,1
풍욕,1
폰트,1
십수,1
화투,1
망국,1
무상,1
계임,1
에타,1
우먼,1
티코,1
팀원,1
계절,1
파리채,1
여기자,1
파충류,1
엿장수,1
외야,1
패럴,1
미들,1
추한,1
지린성,1
흑룡강성,1
발단,1
야설,1
퍼런색,1
어비스,1
인비,1
박인비,1
대결,1
페럴,1
격하,1
컴플렉스,1
응신,1
패악,1
가부장제,1
동아리,1
불씨,1
실현,1
문노,1
스다,1
시부,1
메가,1
똥독,1
역풍,1
총공격,1
과대망상,1
패인,1
협조,1
추행,1
편부,1
고무,1
편집장,1
저장,1
특목고,1
봉기,1
시초,1
북침,1
포장마차,1
포켓몬,1
폴란드,1
총리,1
한드,1
욕구불만,1
남조,1
풍경,1
플라톤,1
피골상접,1
다이가,1
호우,1
홈리스,1
터키인,1
방조,1
입김,1
완전체,1
월드,1
공결,1
하사,1
에어컨,1
시벌,1
소금물,1
문화재,1
벌창,1
배때기,1
바나나,1
충분조건,1
사온,1
들소,1
리모,1
격전,1
옛적,1
씽씽이,1
꼬붕,1
질염,1
교정직,1
열패,1
눈곱,1
창작,1
역효과,1
출전,1
빌미,1
전향,1
개떡,1
개땅,1
카스트라토,1
티끌,1
태산,1
쥐날,1
생길,1
사족,1
미스트,1
경충,1
보우,1
융성,1
낀데,1
후식,1
하심,1
하류,1
윗머리,1
비녀,1
소세,1
유언비어,1
내요,1
고집불통,1
변화,1
보천,1
이등병,1
개년,1
몸통,1
무방비,1
일생,1
달인,1
신파,1
팔콘,1
긴팔,1
벽안,1
희귀종,1
하체비만,1
지지층,1
하휴,1
약력,1
가중,1
돌멩이,1
오마이,1
심기,1
갈라치기,1
조차,1
누명,1
배경,1
프라이버시,1
얼도,1
안대,1
공신,1
족근,1
뭔줄,1
천대,1
국련,1
급증,1
파시스트,1
유흥가,1
소인국,1
최다,1
자선,1
수익금,1
용의자,1
속박,1
안도감,1
비근,1
야당,1
기회주의자,1
영심,1
거르기,1
물질,1
인큐베이터,1
견고,1
남대,1
맏며느리,1
다짐,1
라잉,1
알탕,1
경범죄,1
안전핀,1
스로,1
바이브레이터,1
절차,1
발찌,1
바코드,1
오열,1
음란물,1
라자,1
구여,1
남반,1
발병률,1
시크,1
인지부조화,1
수온,1
인출,1
음충,1
미수,1
수트,1
초언,1
기급,1
신련,1
검지,1
군호,1
정소,1
스도,1
자볼,1
뒤트임,1
젖이,1
혼인,1
외지,1
이존,1
파니,1
통자,1
개폐,1
엥겔,1
카로,1
변환,1
소중,1
방귀,1
배낭,1
혜화,1
입음,1
정조대,1
궁지,1
범접,1
정액,1
문다,1
발화점,1
말싸움,1
적출,1
전가,1
누님,1
교감,1
주노,1
석유,1
여연,1
한량,1
링단,1
하렴,1
고밀도,1
한일전,1
한중일,1
외눈박이,1
꽃봉오리,1
의붓딸,1
땐데,1
한편,1
비려,1
할릴,1
그곳,1
타자나,1
여운,1
재력가,1
함흥냉면,1
내정,1
합격자,1
동점,1
남비,1
본도,1
군말,1
발만,1
동동,1
부호,1
전매,1
특허,1
뒤집,1
지출,1
코나,1
허리통,1
허위,1
박스,1
급식비,1
범칙금,1
부과,1
종류,1
초근,1
회원,1
등록,1
파마,1
목전,1
이라니,1
어이,1
엽기,1
친족,1
폭주,1
주거,1
문영,1
연인,1
중증,1
헤이,1
세이,1
타이완,1
이즈,1
쿼트,1
스테로이드,1
혈관,1
진정,1
감투,1
형씨,1
향우회,1
발효,1
래비,1
사피엔스,1
라임,1
속기,1
렌즈,1
노가리,1
쭈구리,1
혼혈인,1
근친교배,1
화대,1
양갓집,1
규수,1
화이트칼라,1
화장비누,1
화전,1
양면,1
문가,1
연골,1
환기,1
삼시,1
불신자,1
실격,1
활동가,1
보호법,1
초밥,1
회색,1
횡령,1
보이,1
다인,1
후드,1
후우,1
벌구,1
휴강,1
개거,1
품물,1
학급,1
신여성,1
지노,1
스메,1
진열대,1
흑소,1
내제,1
이마리,1
마약상,1
표백,1
상점,1
억제,1
대천사,1
미카엘,1
깜디,1
들판,1
싱크로,1
반칙,1
콘크리트,1
타치라,1
헤드라이트,1
블로,1
탈것,1
뜀뛰기,1
초호,1
은공,1
게요,1
사명,1
임술,1
리셋,1
흥선대원군,1
촌극,1
균형,1
개벌,1
레네,1
니글,1
선강,1
간당,1
미약,1
전사,1
맹신,1
중역,1
향자,1
답답이,1
